Fecha,ISP
1/01/2024 00:00,6689
1/01/2024 01:00,6782
1/01/2024 02:00,5898
1/01/2024 03:00,4498
1/01/2024 04:00,3549
1/01/2024 05:00,2916
1/01/2024 06:00,2787
1/01/2024 07:00,3488
1/01/2024 08:00,5418
1/01/2024 09:00,6572
1/01/2024 10:00,8093
1/01/2024 11:00,9134
1/01/2024 12:00,10014
1/01/2024 13:00,10327
1/01/2024 14:00,10261
1/01/2024 15:00,10868
1/01/2024 16:00,11175
1/01/2024 17:00,11862
1/01/2024 18:00,12677
1/01/2024 19:00,13518
1/01/2024 20:00,14646
1/01/2024 21:00,15584
1/01/2024 22:00,14671
1/01/2024 23:00,12985
2/01/2024 00:00,8322
2/01/2024 01:00,5988
2/01/2024 02:00,3972
2/01/2024 03:00,2843
2/01/2024 04:00,237
2/01/2024 05:00,2474
2/01/2024 06:00,3216
2/01/2024 07:00,4641
2/01/2024 08:00,6849
2/01/2024 09:00,8202
2/01/2024 10:00,9416
2/01/2024 11:00,10151
2/01/2024 12:00,10877
2/01/2024 13:00,11036
2/01/2024 14:00,11375
2/01/2024 15:00,11826
2/01/2024 16:00,11944
2/01/2024 17:00,12341
2/01/2024 18:00,1284
2/01/2024 19:00,13809
2/01/2024 20:00,14648
2/01/2024 21:00,15689
2/01/2024 22:00,14875
2/01/2024 23:00,13463
3/01/2024 00:00,8592
3/01/2024 01:00,601
3/01/2024 02:00,3908
3/01/2024 03:00,2869
3/01/2024 04:00,2386
3/01/2024 05:00,2558
3/01/2024 06:00,3484
3/01/2024 07:00,4565
3/01/2024 08:00,7004
3/01/2024 09:00,8252
3/01/2024 10:00,9214
3/01/2024 11:00,10119
3/01/2024 12:00,10457
3/01/2024 13:00,11435
3/01/2024 14:00,11567
3/01/2024 15:00,11888
3/01/2024 16:00,11972
3/01/2024 17:00,12174
3/01/2024 18:00,1269
3/01/2024 19:00,1361
3/01/2024 20:00,14813
3/01/2024 21:00,1604
3/01/2024 22:00,15396
3/01/2024 23:00,1369
4/01/2024 00:00,8595
4/01/2024 01:00,6035
4/01/2024 02:00,3985
4/01/2024 03:00,277
4/01/2024 04:00,2388
4/01/2024 05:00,2668
4/01/2024 06:00,3776
4/01/2024 07:00,5005
4/01/2024 08:00,6975
4/01/2024 09:00,8292
4/01/2024 10:00,9255
4/01/2024 11:00,10049
4/01/2024 12:00,10562
4/01/2024 13:00,11093
4/01/2024 14:00,11557
4/01/2024 15:00,12354
4/01/2024 16:00,12481
4/01/2024 17:00,12726
4/01/2024 18:00,13004
4/01/2024 19:00,13901
4/01/2024 20:00,14852
4/01/2024 21:00,16097
4/01/2024 22:00,15338
4/01/2024 23:00,13449
5/01/2024 00:00,858
5/01/2024 01:00,6061
5/01/2024 02:00,4051
5/01/2024 03:00,2869
5/01/2024 04:00,244
5/01/2024 05:00,2721
5/01/2024 06:00,4043
5/01/2024 07:00,5341
5/01/2024 08:00,7304
5/01/2024 09:00,8473
5/01/2024 10:00,9285
5/01/2024 11:00,9987
5/01/2024 12:00,1022
5/01/2024 13:00,10681
5/01/2024 14:00,11208
5/01/2024 15:00,11545
5/01/2024 16:00,11578
5/01/2024 17:00,11946
5/01/2024 18:00,12509
5/01/2024 19:00,13497
5/01/2024 20:00,1441
5/01/2024 21:00,15569
5/01/2024 22:00,14966
5/01/2024 23:00,1330
6/01/2024 00:00,8755
6/01/2024 01:00,6051
6/01/2024 02:00,4091
6/01/2024 03:00,2897
6/01/2024 04:00,2601
6/01/2024 05:00,2651
6/01/2024 06:00,3835
6/01/2024 07:00,5261
6/01/2024 08:00,7332
6/01/2024 09:00,8439
6/01/2024 10:00,9278
6/01/2024 11:00,10103
6/01/2024 12:00,10542
6/01/2024 13:00,1102
6/01/2024 14:00,11091
6/01/2024 15:00,11672
6/01/2024 16:00,11812
6/01/2024 17:00,12157
6/01/2024 18:00,12719
6/01/2024 19:00,1333
6/01/2024 20:00,14164
6/01/2024 21:00,15118
6/01/2024 22:00,14505
6/01/2024 23:00,13256
7/01/2024 00:00,8927
7/01/2024 01:00,6586
7/01/2024 02:00,4634
7/01/2024 03:00,3302
7/01/2024 04:00,2681
7/01/2024 05:00,2655
7/01/2024 06:00,350
7/01/2024 07:00,4843
7/01/2024 08:00,6842
7/01/2024 09:00,8254
7/01/2024 10:00,9646
7/01/2024 11:00,10559
7/01/2024 12:00,11292
7/01/2024 13:00,11469
7/01/2024 14:00,11201
7/01/2024 15:00,11908
7/01/2024 16:00,12275
7/01/2024 17:00,12663
7/01/2024 18:00,13395
7/01/2024 19:00,14165
7/01/2024 20:00,15346
7/01/2024 21:00,16419
7/01/2024 22:00,15489
7/01/2024 23:00,1381
8/01/2024 00:00,8678
8/01/2024 01:00,5988
8/01/2024 02:00,3972
8/01/2024 03:00,2971
8/01/2024 04:00,2523
8/01/2024 05:00,285
8/01/2024 06:00,3938
8/01/2024 07:00,5357
8/01/2024 08:00,7199
8/01/2024 09:00,8347
8/01/2024 10:00,9296
8/01/2024 11:00,10204
8/01/2024 12:00,10672
8/01/2024 13:00,11062
8/01/2024 14:00,1141
8/01/2024 15:00,11537
8/01/2024 16:00,11512
8/01/2024 17:00,12234
8/01/2024 18:00,12947
8/01/2024 19:00,13746
8/01/2024 20:00,14897
8/01/2024 21:00,16118
8/01/2024 22:00,15406
8/01/2024 23:00,13512
9/01/2024 00:00,860
9/01/2024 01:00,5863
9/01/2024 02:00,3953
9/01/2024 03:00,2809
9/01/2024 04:00,2548
9/01/2024 05:00,3045
9/01/2024 06:00,4091
9/01/2024 07:00,5591
9/01/2024 08:00,7593
9/01/2024 09:00,8823
9/01/2024 10:00,9396
9/01/2024 11:00,10294
9/01/2024 12:00,10716
9/01/2024 13:00,11246
9/01/2024 14:00,11568
9/01/2024 15:00,1179
9/01/2024 16:00,11799
9/01/2024 17:00,12229
9/01/2024 18:00,13201
9/01/2024 19:00,14132
9/01/2024 20:00,15362
9/01/2024 21:00,16633
9/01/2024 22:00,15757
9/01/2024 23:00,13284
10/01/2024 00:00,8346
10/01/2024 01:00,5721
10/01/2024 02:00,3821
10/01/2024 03:00,2817
10/01/2024 04:00,2359
10/01/2024 05:00,2894
10/01/2024 06:00,4217
10/01/2024 07:00,5465
10/01/2024 08:00,732
10/01/2024 09:00,8532
10/01/2024 10:00,9541
10/01/2024 11:00,10324
10/01/2024 12:00,1089
10/01/2024 13:00,11491
10/01/2024 14:00,12663
10/01/2024 15:00,13305
10/01/2024 16:00,13072
10/01/2024 17:00,12493
10/01/2024 18:00,12912
10/01/2024 19:00,13999
10/01/2024 20:00,15366
10/01/2024 21:00,16631
10/01/2024 22:00,15678
10/01/2024 23:00,13663
11/01/2024 00:00,8696
11/01/2024 01:00,600
11/01/2024 02:00,3951
11/01/2024 03:00,2753
11/01/2024 04:00,2297
11/01/2024 05:00,2685
11/01/2024 06:00,390
11/01/2024 07:00,5602
11/01/2024 08:00,7609
11/01/2024 09:00,8998
11/01/2024 10:00,9887
11/01/2024 11:00,10511
11/01/2024 12:00,10828
11/01/2024 13:00,11422
11/01/2024 14:00,12375
11/01/2024 15:00,12626
11/01/2024 16:00,12034
11/01/2024 17:00,12288
11/01/2024 18:00,12901
11/01/2024 19:00,13936
11/01/2024 20:00,15089
11/01/2024 21:00,16204
11/01/2024 22:00,15392
11/01/2024 23:00,13485
12/01/2024 00:00,8501
12/01/2024 01:00,5875
12/01/2024 02:00,3864
12/01/2024 03:00,2758
12/01/2024 04:00,2336
12/01/2024 05:00,2882
12/01/2024 06:00,4052
12/01/2024 07:00,5453
12/01/2024 08:00,7455
12/01/2024 09:00,8556
12/01/2024 10:00,9558
12/01/2024 11:00,10218
12/01/2024 12:00,10642
12/01/2024 13:00,11167
12/01/2024 14:00,11399
12/01/2024 15:00,11628
12/01/2024 16:00,11579
12/01/2024 17:00,11762
12/01/2024 18:00,12531
12/01/2024 19:00,13422
12/01/2024 20:00,14502
12/01/2024 21:00,1566
12/01/2024 22:00,15079
12/01/2024 23:00,1340
13/01/2024 00:00,8589
13/01/2024 01:00,6116
13/01/2024 02:00,4114
13/01/2024 03:00,308
13/01/2024 04:00,2557
13/01/2024 05:00,2731
13/01/2024 06:00,3951
13/01/2024 07:00,5617
13/01/2024 08:00,7581
13/01/2024 09:00,8613
13/01/2024 10:00,963
13/01/2024 11:00,10123
13/01/2024 12:00,10602
13/01/2024 13:00,11168
13/01/2024 14:00,11332
13/01/2024 15:00,11509
13/01/2024 16:00,11503
13/01/2024 17:00,12008
13/01/2024 18:00,12528
13/01/2024 19:00,13274
13/01/2024 20:00,14109
13/01/2024 21:00,14868
13/01/2024 22:00,14263
13/01/2024 23:00,12936
14/01/2024 00:00,8805
14/01/2024 01:00,6465
14/01/2024 02:00,449
14/01/2024 03:00,327
14/01/2024 04:00,264
14/01/2024 05:00,2666
14/01/2024 06:00,3501
14/01/2024 07:00,4892
14/01/2024 08:00,7157
14/01/2024 09:00,8419
14/01/2024 10:00,9647
14/01/2024 11:00,10531
14/01/2024 12:00,11251
14/01/2024 13:00,11914
14/01/2024 14:00,13497
14/01/2024 15:00,13601
14/01/2024 16:00,12382
14/01/2024 17:00,12738
14/01/2024 18:00,13689
14/01/2024 19:00,14179
14/01/2024 20:00,15228
14/01/2024 21:00,16146
14/01/2024 22:00,15348
14/01/2024 23:00,13422
15/01/2024 00:00,831
15/01/2024 01:00,5811
15/01/2024 02:00,3776
15/01/2024 03:00,2719
15/01/2024 04:00,2346
15/01/2024 05:00,2733
15/01/2024 06:00,414
15/01/2024 07:00,5624
15/01/2024 08:00,7607
15/01/2024 09:00,8523
15/01/2024 10:00,9206
15/01/2024 11:00,9985
15/01/2024 12:00,10488
15/01/2024 13:00,10947
15/01/2024 14:00,1148
15/01/2024 15:00,11677
15/01/2024 16:00,11508
15/01/2024 17:00,11926
15/01/2024 18:00,12767
15/01/2024 19:00,14005
15/01/2024 20:00,15548
15/01/2024 21:00,16981
15/01/2024 22:00,16227
15/01/2024 23:00,13769
16/01/2024 00:00,8415
16/01/2024 01:00,5704
16/01/2024 02:00,3724
16/01/2024 03:00,2647
16/01/2024 04:00,2325
16/01/2024 05:00,2741
16/01/2024 06:00,4141
16/01/2024 07:00,5823
16/01/2024 08:00,7801
16/01/2024 09:00,8761
16/01/2024 10:00,9348
16/01/2024 11:00,9907
16/01/2024 12:00,10226
16/01/2024 13:00,10836
16/01/2024 14:00,1144
16/01/2024 15:00,11647
16/01/2024 16:00,11678
16/01/2024 17:00,12176
16/01/2024 18:00,12985
16/01/2024 19:00,14063
16/01/2024 20:00,15232
16/01/2024 21:00,16241
16/01/2024 22:00,15503
16/01/2024 23:00,13361
17/01/2024 00:00,8476
17/01/2024 01:00,5739
17/01/2024 02:00,3766
17/01/2024 03:00,2635
17/01/2024 04:00,2341
17/01/2024 05:00,2771
17/01/2024 06:00,4094
17/01/2024 07:00,557
17/01/2024 08:00,7451
17/01/2024 09:00,8385
17/01/2024 10:00,9477
17/01/2024 11:00,1017
17/01/2024 12:00,10735
17/01/2024 13:00,11293
17/01/2024 14:00,11584
17/01/2024 15:00,1176
17/01/2024 16:00,11591
17/01/2024 17:00,12188
17/01/2024 18:00,13232
17/01/2024 19:00,14227
17/01/2024 20:00,15337
17/01/2024 21:00,1627
17/01/2024 22:00,15467
17/01/2024 23:00,13279
18/01/2024 00:00,8425
18/01/2024 01:00,5744
18/01/2024 02:00,3872
18/01/2024 03:00,3008
18/01/2024 04:00,2573
18/01/2024 05:00,2934
18/01/2024 06:00,4183
18/01/2024 07:00,5593
18/01/2024 08:00,7644
18/01/2024 09:00,8965
18/01/2024 10:00,9687
18/01/2024 11:00,10373
18/01/2024 12:00,10726
18/01/2024 13:00,11957
18/01/2024 14:00,12188
18/01/2024 15:00,12603
18/01/2024 16:00,12475
18/01/2024 17:00,1317
18/01/2024 18:00,13434
18/01/2024 19:00,13927
18/01/2024 20:00,14949
18/01/2024 21:00,16038
18/01/2024 22:00,15177
18/01/2024 23:00,13392
19/01/2024 00:00,8408
19/01/2024 01:00,5799
19/01/2024 02:00,3739
19/01/2024 03:00,2929
19/01/2024 04:00,2571
19/01/2024 05:00,298
19/01/2024 06:00,4175
19/01/2024 07:00,5708
19/01/2024 08:00,7635
19/01/2024 09:00,8805
19/01/2024 10:00,9561
19/01/2024 11:00,10121
19/01/2024 12:00,10633
19/01/2024 13:00,11104
19/01/2024 14:00,11398
19/01/2024 15:00,11577
19/01/2024 16:00,11622
19/01/2024 17:00,12016
19/01/2024 18:00,12726
19/01/2024 19:00,13715
19/01/2024 20:00,14847
19/01/2024 21:00,1579
19/01/2024 22:00,14971
19/01/2024 23:00,1336
20/01/2024 00:00,8646
20/01/2024 01:00,6087
20/01/2024 02:00,4031
20/01/2024 03:00,3079
20/01/2024 04:00,2639
20/01/2024 05:00,2927
20/01/2024 06:00,4075
20/01/2024 07:00,5513
20/01/2024 08:00,7692
20/01/2024 09:00,8754
20/01/2024 10:00,957
20/01/2024 11:00,10428
20/01/2024 12:00,10759
20/01/2024 13:00,11101
20/01/2024 14:00,11362
20/01/2024 15:00,1174
20/01/2024 16:00,11745
20/01/2024 17:00,12214
20/01/2024 18:00,12892
20/01/2024 19:00,13645
20/01/2024 20:00,14465
20/01/2024 21:00,15371
20/01/2024 22:00,14655
20/01/2024 23:00,13219
21/01/2024 00:00,8915
21/01/2024 01:00,6408
21/01/2024 02:00,4522
21/01/2024 03:00,3228
21/01/2024 04:00,2649
21/01/2024 05:00,255
21/01/2024 06:00,3496
21/01/2024 07:00,4961
21/01/2024 08:00,7216
21/01/2024 09:00,8566
21/01/2024 10:00,9745
21/01/2024 11:00,11195
21/01/2024 12:00,11586
21/01/2024 13:00,11699
21/01/2024 14:00,11731
21/01/2024 15:00,12281
21/01/2024 16:00,12654
21/01/2024 17:00,12868
21/01/2024 18:00,13392
21/01/2024 19:00,14191
21/01/2024 20:00,15375
21/01/2024 21:00,16332
21/01/2024 22:00,15451
21/01/2024 23:00,13401
22/01/2024 00:00,8469
22/01/2024 01:00,5778
22/01/2024 02:00,3785
22/01/2024 03:00,2745
22/01/2024 04:00,2307
22/01/2024 05:00,2585
22/01/2024 06:00,3703
22/01/2024 07:00,5236
22/01/2024 08:00,7406
22/01/2024 09:00,8665
22/01/2024 10:00,9495
22/01/2024 11:00,10286
22/01/2024 12:00,10995
22/01/2024 13:00,11746
22/01/2024 14:00,11953
22/01/2024 15:00,12234
22/01/2024 16:00,12096
22/01/2024 17:00,12285
22/01/2024 18:00,13038
22/01/2024 19:00,14197
22/01/2024 20:00,1543
22/01/2024 21:00,16502
22/01/2024 22:00,1561
22/01/2024 23:00,13365
23/01/2024 00:00,8178
23/01/2024 01:00,5717
23/01/2024 02:00,3726
23/01/2024 03:00,2734
23/01/2024 04:00,2495
23/01/2024 05:00,2968
23/01/2024 06:00,420
23/01/2024 07:00,5841
23/01/2024 08:00,7918
23/01/2024 09:00,9402
23/01/2024 10:00,10583
23/01/2024 11:00,11667
23/01/2024 12:00,1216
23/01/2024 13:00,12328
23/01/2024 14:00,12851
23/01/2024 15:00,1330
23/01/2024 16:00,12983
23/01/2024 17:00,13043
23/01/2024 18:00,13545
23/01/2024 19:00,14704
23/01/2024 20:00,15657
23/01/2024 21:00,16827
23/01/2024 22:00,15986
23/01/2024 23:00,13828
24/01/2024 00:00,8754
24/01/2024 01:00,5798
24/01/2024 02:00,3942
24/01/2024 03:00,2875
24/01/2024 04:00,261
24/01/2024 05:00,3006
24/01/2024 06:00,4358
24/01/2024 07:00,5825
24/01/2024 08:00,760
24/01/2024 09:00,8548
24/01/2024 10:00,9675
24/01/2024 11:00,10175
24/01/2024 12:00,10593
24/01/2024 13:00,11731
24/01/2024 14:00,12329
24/01/2024 15:00,12774
24/01/2024 16:00,12944
24/01/2024 17:00,13349
24/01/2024 18:00,14213
24/01/2024 19:00,15066
24/01/2024 20:00,15221
24/01/2024 21:00,16657
24/01/2024 22:00,15798
24/01/2024 23:00,13745
25/01/2024 00:00,8441
25/01/2024 01:00,5706
25/01/2024 02:00,3972
25/01/2024 03:00,2824
25/01/2024 04:00,2323
25/01/2024 05:00,2834
25/01/2024 06:00,4469
25/01/2024 07:00,5975
25/01/2024 08:00,7953
25/01/2024 09:00,9091
25/01/2024 10:00,9816
25/01/2024 11:00,1065
25/01/2024 12:00,11133
25/01/2024 13:00,11709
25/01/2024 14:00,12569
25/01/2024 15:00,12644
25/01/2024 16:00,12414
25/01/2024 17:00,12047
25/01/2024 18:00,1297
25/01/2024 19:00,13757
25/01/2024 20:00,14963
25/01/2024 21:00,1656
25/01/2024 22:00,15411
25/01/2024 23:00,13408
26/01/2024 00:00,8642
26/01/2024 01:00,6042
26/01/2024 02:00,4029
26/01/2024 03:00,2916
26/01/2024 04:00,2468
26/01/2024 05:00,2839
26/01/2024 06:00,4253
26/01/2024 07:00,6038
26/01/2024 08:00,7966
26/01/2024 09:00,9013
26/01/2024 10:00,9837
26/01/2024 11:00,10372
26/01/2024 12:00,10763
26/01/2024 13:00,1104
26/01/2024 14:00,11599
26/01/2024 15:00,12065
26/01/2024 16:00,1185
26/01/2024 17:00,11999
26/01/2024 18:00,12703
26/01/2024 19:00,13889
26/01/2024 20:00,14823
26/01/2024 21:00,15545
26/01/2024 22:00,14815
26/01/2024 23:00,13193
27/01/2024 00:00,858
27/01/2024 01:00,6008
27/01/2024 02:00,4019
27/01/2024 03:00,2858
27/01/2024 04:00,2383
27/01/2024 05:00,2654
27/01/2024 06:00,3904
27/01/2024 07:00,5383
27/01/2024 08:00,7402
27/01/2024 09:00,8728
27/01/2024 10:00,9874
27/01/2024 11:00,10463
27/01/2024 12:00,10847
27/01/2024 13:00,11045
27/01/2024 14:00,11619
27/01/2024 15:00,12445
27/01/2024 16:00,12448
27/01/2024 17:00,12271
27/01/2024 18:00,12687
27/01/2024 19:00,13437
27/01/2024 20:00,14224
27/01/2024 21:00,15089
27/01/2024 22:00,14371
27/01/2024 23:00,12922
28/01/2024 00:00,8404
28/01/2024 01:00,6272
28/01/2024 02:00,4355
28/01/2024 03:00,317
28/01/2024 04:00,2625
28/01/2024 05:00,2648
28/01/2024 06:00,3505
28/01/2024 07:00,4914
28/01/2024 08:00,6968
28/01/2024 09:00,828
28/01/2024 10:00,9347
28/01/2024 11:00,10249
28/01/2024 12:00,10747
28/01/2024 13:00,11079
28/01/2024 14:00,11101
28/01/2024 15:00,11598
28/01/2024 16:00,11893
28/01/2024 17:00,12546
28/01/2024 18:00,13394
28/01/2024 19:00,14614
28/01/2024 20:00,16315
28/01/2024 21:00,17387
28/01/2024 22:00,15356
28/01/2024 23:00,13329
29/01/2024 00:00,8365
29/01/2024 01:00,5649
29/01/2024 02:00,3703
29/01/2024 03:00,2752
29/01/2024 04:00,2424
29/01/2024 05:00,279
29/01/2024 06:00,387
29/01/2024 07:00,5226
29/01/2024 08:00,7445
29/01/2024 09:00,8421
29/01/2024 10:00,931
29/01/2024 11:00,10263
29/01/2024 12:00,10846
29/01/2024 13:00,11408
29/01/2024 14:00,11608
29/01/2024 15:00,11909
29/01/2024 16:00,11755
29/01/2024 17:00,12119
29/01/2024 18:00,12776
29/01/2024 19:00,13848
29/01/2024 20:00,15003
29/01/2024 21:00,16147
29/01/2024 22:00,15196
29/01/2024 23:00,13199
30/01/2024 00:00,833
30/01/2024 01:00,5621
30/01/2024 02:00,3761
30/01/2024 03:00,271
30/01/2024 04:00,2571
30/01/2024 05:00,3054
30/01/2024 06:00,4261
30/01/2024 07:00,5609
30/01/2024 08:00,7814
30/01/2024 09:00,9081
30/01/2024 10:00,9901
30/01/2024 11:00,10382
30/01/2024 12:00,10857
30/01/2024 13:00,11536
30/01/2024 14:00,11891
30/01/2024 15:00,12383
30/01/2024 16:00,12282
30/01/2024 17:00,12161
30/01/2024 18:00,1313
30/01/2024 19:00,14211
30/01/2024 20:00,15303
30/01/2024 21:00,16316
30/01/2024 22:00,15218
30/01/2024 23:00,13422
31/01/2024 00:00,8498
31/01/2024 01:00,578
31/01/2024 02:00,3772
31/01/2024 03:00,2745
31/01/2024 04:00,2334
31/01/2024 05:00,2784
31/01/2024 06:00,4135
31/01/2024 07:00,5558
31/01/2024 08:00,7729
31/01/2024 09:00,8884
31/01/2024 10:00,9613
31/01/2024 11:00,10206
31/01/2024 12:00,10674
31/01/2024 13:00,11431
31/01/2024 14:00,12117
31/01/2024 15:00,11962
31/01/2024 16:00,12056
31/01/2024 17:00,1224
31/01/2024 18:00,12896
31/01/2024 19:00,13841
31/01/2024 20:00,1514
31/01/2024 21:00,16166
31/01/2024 22:00,1540
31/01/2024 23:00,13438
1/02/2024 00:00,8436
1/02/2024 01:00,5695
1/02/2024 02:00,3823
1/02/2024 03:00,2754
1/02/2024 04:00,2319
1/02/2024 05:00,2764
1/02/2024 06:00,4123
1/02/2024 07:00,5467
1/02/2024 08:00,7418
1/02/2024 09:00,8508
1/02/2024 10:00,9215
1/02/2024 11:00,10098
1/02/2024 12:00,1058
1/02/2024 13:00,1104
1/02/2024 14:00,11297
1/02/2024 15:00,1197
1/02/2024 16:00,11843
1/02/2024 17:00,11875
1/02/2024 18:00,12863
1/02/2024 19:00,13867
1/02/2024 20:00,14846
1/02/2024 21:00,15646
1/02/2024 22:00,14696
1/02/2024 23:00,13026
2/02/2024 00:00,8392
2/02/2024 01:00,5747
2/02/2024 02:00,3839
2/02/2024 03:00,2913
2/02/2024 04:00,2517
2/02/2024 05:00,2902
2/02/2024 06:00,4087
2/02/2024 07:00,5585
2/02/2024 08:00,7498
2/02/2024 09:00,8575
2/02/2024 10:00,9311
2/02/2024 11:00,11527
2/02/2024 12:00,10645
2/02/2024 13:00,10691
2/02/2024 14:00,11025
2/02/2024 15:00,11759
2/02/2024 16:00,11755
2/02/2024 17:00,11868
2/02/2024 18:00,12572
2/02/2024 19:00,13315
2/02/2024 20:00,14391
2/02/2024 21:00,15122
2/02/2024 22:00,14024
2/02/2024 23:00,12619
3/02/2024 00:00,8208
3/02/2024 01:00,5875
3/02/2024 02:00,3972
3/02/2024 03:00,2875
3/02/2024 04:00,2474
3/02/2024 05:00,2706
3/02/2024 06:00,3905
3/02/2024 07:00,5339
3/02/2024 08:00,7409
3/02/2024 09:00,8685
3/02/2024 10:00,9647
3/02/2024 11:00,10304
3/02/2024 12:00,10955
3/02/2024 13:00,11279
3/02/2024 14:00,11179
3/02/2024 15:00,11637
3/02/2024 16:00,11706
3/02/2024 17:00,11864
3/02/2024 18:00,12194
3/02/2024 19:00,13121
3/02/2024 20:00,14171
3/02/2024 21:00,14502
3/02/2024 22:00,13574
3/02/2024 23:00,1215
4/02/2024 00:00,8029
4/02/2024 01:00,6163
4/02/2024 02:00,4255
4/02/2024 03:00,3041
4/02/2024 04:00,2592
4/02/2024 05:00,2589
4/02/2024 06:00,3504
4/02/2024 07:00,4903
4/02/2024 08:00,6959
4/02/2024 09:00,8178
4/02/2024 10:00,9144
4/02/2024 11:00,10121
4/02/2024 12:00,10721
4/02/2024 13:00,1087
4/02/2024 14:00,11549
4/02/2024 15:00,12241
4/02/2024 16:00,12232
4/02/2024 17:00,12218
4/02/2024 18:00,13005
4/02/2024 19:00,13959
4/02/2024 20:00,15222
4/02/2024 21:00,16383
4/02/2024 22:00,15346
4/02/2024 23:00,13158
5/02/2024 00:00,8103
5/02/2024 01:00,5447
5/02/2024 02:00,3706
5/02/2024 03:00,2773
5/02/2024 04:00,2445
5/02/2024 05:00,279
5/02/2024 06:00,3879
5/02/2024 07:00,5374
5/02/2024 08:00,7497
5/02/2024 09:00,8726
5/02/2024 10:00,9588
5/02/2024 11:00,9838
5/02/2024 12:00,10293
5/02/2024 13:00,10856
5/02/2024 14:00,11084
5/02/2024 15:00,11521
5/02/2024 16:00,11823
5/02/2024 17:00,11986
5/02/2024 18:00,12744
5/02/2024 19:00,13623
5/02/2024 20:00,14894
5/02/2024 21:00,18616
5/02/2024 22:00,16991
5/02/2024 23:00,12766
6/02/2024 00:00,8099
6/02/2024 01:00,5668
6/02/2024 02:00,3732
6/02/2024 03:00,2772
6/02/2024 04:00,255
6/02/2024 05:00,2977
6/02/2024 06:00,415
6/02/2024 07:00,5587
6/02/2024 08:00,7977
6/02/2024 09:00,9265
6/02/2024 10:00,10107
6/02/2024 11:00,10582
6/02/2024 12:00,10881
6/02/2024 13:00,10969
6/02/2024 14:00,11251
6/02/2024 15:00,11583
6/02/2024 16:00,11577
6/02/2024 17:00,11858
6/02/2024 18:00,12672
6/02/2024 19:00,13871
6/02/2024 20:00,1494
6/02/2024 21:00,15925
6/02/2024 22:00,15027
6/02/2024 23:00,13179
7/02/2024 00:00,8288
7/02/2024 01:00,5612
7/02/2024 02:00,3712
7/02/2024 03:00,2728
7/02/2024 04:00,2457
7/02/2024 05:00,2831
7/02/2024 06:00,4087
7/02/2024 07:00,560
7/02/2024 08:00,7755
7/02/2024 09:00,9153
7/02/2024 10:00,9999
7/02/2024 11:00,10571
7/02/2024 12:00,10916
7/02/2024 13:00,1157
7/02/2024 14:00,11628
7/02/2024 15:00,11999
7/02/2024 16:00,11979
7/02/2024 17:00,12099
7/02/2024 18:00,12416
7/02/2024 19:00,13899
7/02/2024 20:00,15253
7/02/2024 21:00,15924
7/02/2024 22:00,14873
7/02/2024 23:00,12974
8/02/2024 00:00,8026
8/02/2024 01:00,5557
8/02/2024 02:00,3724
8/02/2024 03:00,2618
8/02/2024 04:00,2252
8/02/2024 05:00,2611
8/02/2024 06:00,3936
8/02/2024 07:00,5548
8/02/2024 08:00,759
8/02/2024 09:00,8806
8/02/2024 10:00,9521
8/02/2024 11:00,9916
8/02/2024 12:00,10103
8/02/2024 13:00,10557
8/02/2024 14:00,11035
8/02/2024 15:00,11327
8/02/2024 16:00,11297
8/02/2024 17:00,11808
8/02/2024 18:00,12563
8/02/2024 19:00,13684
8/02/2024 20:00,14464
8/02/2024 21:00,15199
8/02/2024 22:00,1433
8/02/2024 23:00,12688
9/02/2024 00:00,7943
9/02/2024 01:00,5638
9/02/2024 02:00,3679
9/02/2024 03:00,2683
9/02/2024 04:00,2234
9/02/2024 05:00,2492
9/02/2024 06:00,3708
9/02/2024 07:00,5058
9/02/2024 08:00,706
9/02/2024 09:00,8231
9/02/2024 10:00,9186
9/02/2024 11:00,9715
9/02/2024 12:00,10335
9/02/2024 13:00,10709
9/02/2024 14:00,11044
9/02/2024 15:00,11295
9/02/2024 16:00,11143
9/02/2024 17:00,11499
9/02/2024 18:00,12088
9/02/2024 19:00,13415
9/02/2024 20:00,15057
9/02/2024 21:00,15151
9/02/2024 22:00,14509
9/02/2024 23:00,12744
10/02/2024 00:00,8207
10/02/2024 01:00,5866
10/02/2024 02:00,3931
10/02/2024 03:00,2943
10/02/2024 04:00,2421
10/02/2024 05:00,2576
10/02/2024 06:00,3609
10/02/2024 07:00,5261
10/02/2024 08:00,7558
10/02/2024 09:00,8361
10/02/2024 10:00,9193
10/02/2024 11:00,10107
10/02/2024 12:00,10787
10/02/2024 13:00,10944
10/02/2024 14:00,10721
10/02/2024 15:00,11397
10/02/2024 16:00,11384
10/02/2024 17:00,1142
10/02/2024 18:00,12395
10/02/2024 19:00,14558
10/02/2024 20:00,16353
10/02/2024 21:00,17656
10/02/2024 22:00,15084
10/02/2024 23:00,1242
11/02/2024 00:00,8283
11/02/2024 01:00,5889
11/02/2024 02:00,4114
11/02/2024 03:00,3032
11/02/2024 04:00,2432
11/02/2024 05:00,2337
11/02/2024 06:00,3208
11/02/2024 07:00,4655
11/02/2024 08:00,6974
11/02/2024 09:00,8152
11/02/2024 10:00,919
11/02/2024 11:00,9982
11/02/2024 12:00,1047
11/02/2024 13:00,10649
11/02/2024 14:00,10661
11/02/2024 15:00,11329
11/02/2024 16:00,12116
11/02/2024 17:00,12235
11/02/2024 18:00,1274
11/02/2024 19:00,13482
11/02/2024 20:00,14382
11/02/2024 21:00,15143
11/02/2024 22:00,14195
11/02/2024 23:00,12464
12/02/2024 00:00,7699
12/02/2024 01:00,5342
12/02/2024 02:00,3519
12/02/2024 03:00,2554
12/02/2024 04:00,2181
12/02/2024 05:00,2409
12/02/2024 06:00,3474
12/02/2024 07:00,4843
12/02/2024 08:00,6774
12/02/2024 09:00,7953
12/02/2024 10:00,8871
12/02/2024 11:00,9536
12/02/2024 12:00,9949
12/02/2024 13:00,10508
12/02/2024 14:00,10824
12/02/2024 15:00,11236
12/02/2024 16:00,1100
12/02/2024 17:00,11219
12/02/2024 18:00,11965
12/02/2024 19:00,13011
12/02/2024 20:00,14101
12/02/2024 21:00,14902
12/02/2024 22:00,14006
12/02/2024 23:00,12348
13/02/2024 00:00,7584
13/02/2024 01:00,5259
13/02/2024 02:00,3485
13/02/2024 03:00,2511
13/02/2024 04:00,2351
13/02/2024 05:00,2726
13/02/2024 06:00,3827
13/02/2024 07:00,5282
13/02/2024 08:00,7136
13/02/2024 09:00,8289
13/02/2024 10:00,9233
13/02/2024 11:00,9634
13/02/2024 12:00,6546
13/02/2024 13:00,10463
13/02/2024 14:00,11092
13/02/2024 15:00,12358
13/02/2024 16:00,12056
13/02/2024 17:00,11585
13/02/2024 18:00,12296
13/02/2024 19:00,13062
13/02/2024 20:00,14226
13/02/2024 21:00,15137
13/02/2024 22:00,14298
13/02/2024 23:00,12613
14/02/2024 00:00,7993
14/02/2024 01:00,553
14/02/2024 02:00,3768
14/02/2024 03:00,2793
14/02/2024 04:00,2535
14/02/2024 05:00,2912
14/02/2024 06:00,3983
14/02/2024 07:00,5409
14/02/2024 08:00,7509
14/02/2024 09:00,8563
14/02/2024 10:00,9306
14/02/2024 11:00,9774
14/02/2024 12:00,10029
14/02/2024 13:00,10248
14/02/2024 14:00,10499
14/02/2024 15:00,1109
14/02/2024 16:00,11043
14/02/2024 17:00,10865
14/02/2024 18:00,11459
14/02/2024 19:00,12483
14/02/2024 20:00,13574
14/02/2024 21:00,14375
14/02/2024 22:00,13512
14/02/2024 23:00,12121
15/02/2024 00:00,7669
15/02/2024 01:00,5461
15/02/2024 02:00,3586
15/02/2024 03:00,2697
15/02/2024 04:00,2264
15/02/2024 05:00,2415
15/02/2024 06:00,3464
15/02/2024 07:00,482
15/02/2024 08:00,6923
15/02/2024 09:00,8055
15/02/2024 10:00,8814
15/02/2024 11:00,9412
15/02/2024 12:00,9849
15/02/2024 13:00,10422
15/02/2024 14:00,10717
15/02/2024 15:00,10827
15/02/2024 16:00,1087
15/02/2024 17:00,11359
15/02/2024 18:00,12093
15/02/2024 19:00,1337
15/02/2024 20:00,14505
15/02/2024 21:00,15277
15/02/2024 22:00,14126
15/02/2024 23:00,12378
16/02/2024 00:00,768
16/02/2024 01:00,5336
16/02/2024 02:00,3551
16/02/2024 03:00,2529
16/02/2024 04:00,2279
16/02/2024 05:00,2661
16/02/2024 06:00,3852
16/02/2024 07:00,5072
16/02/2024 08:00,7193
16/02/2024 09:00,8249
16/02/2024 10:00,8973
16/02/2024 11:00,9601
16/02/2024 12:00,10057
16/02/2024 13:00,10571
16/02/2024 14:00,10935
16/02/2024 15:00,10984
16/02/2024 16:00,10862
16/02/2024 17:00,11047
16/02/2024 18:00,11702
16/02/2024 19:00,12658
16/02/2024 20:00,13664
16/02/2024 21:00,14603
16/02/2024 22:00,14008
16/02/2024 23:00,12486
17/02/2024 00:00,795
17/02/2024 01:00,5726
17/02/2024 02:00,3887
17/02/2024 03:00,2759
17/02/2024 04:00,2168
17/02/2024 05:00,244
17/02/2024 06:00,3568
17/02/2024 07:00,5297
17/02/2024 08:00,7405
17/02/2024 09:00,8451
17/02/2024 10:00,9303
17/02/2024 11:00,9885
17/02/2024 12:00,10523
17/02/2024 13:00,11043
17/02/2024 14:00,10938
17/02/2024 15:00,10908
17/02/2024 16:00,10998
17/02/2024 17:00,11419
17/02/2024 18:00,12224
17/02/2024 19:00,13118
17/02/2024 20:00,13915
17/02/2024 21:00,1469
17/02/2024 22:00,13902
17/02/2024 23:00,1261
18/02/2024 00:00,8312
18/02/2024 01:00,611
18/02/2024 02:00,4073
18/02/2024 03:00,3001
18/02/2024 04:00,2381
18/02/2024 05:00,2295
18/02/2024 06:00,3253
18/02/2024 07:00,485
18/02/2024 08:00,6968
18/02/2024 09:00,8262
18/02/2024 10:00,9076
18/02/2024 11:00,996
18/02/2024 12:00,10498
18/02/2024 13:00,10811
18/02/2024 14:00,11095
18/02/2024 15:00,11596
18/02/2024 16:00,11464
18/02/2024 17:00,1218
18/02/2024 18:00,12903
18/02/2024 19:00,13695
18/02/2024 20:00,14605
18/02/2024 21:00,15395
18/02/2024 22:00,14411
18/02/2024 23:00,12481
19/02/2024 00:00,7746
19/02/2024 01:00,5363
19/02/2024 02:00,3477
19/02/2024 03:00,2512
19/02/2024 04:00,2144
19/02/2024 05:00,2532
19/02/2024 06:00,3754
19/02/2024 07:00,5192
19/02/2024 08:00,7154
19/02/2024 09:00,8164
19/02/2024 10:00,9007
19/02/2024 11:00,9428
19/02/2024 12:00,9785
19/02/2024 13:00,10011
19/02/2024 14:00,10516
19/02/2024 15:00,10917
19/02/2024 16:00,10934
19/02/2024 17:00,11243
19/02/2024 18:00,11971
19/02/2024 19:00,12976
19/02/2024 20:00,1419
19/02/2024 21:00,15146
19/02/2024 22:00,14207
19/02/2024 23:00,12413
20/02/2024 00:00,761
20/02/2024 01:00,5208
20/02/2024 02:00,3464
20/02/2024 03:00,2376
20/02/2024 04:00,2003
20/02/2024 05:00,2345
20/02/2024 06:00,3399
20/02/2024 07:00,484
20/02/2024 08:00,6808
20/02/2024 09:00,8002
20/02/2024 10:00,8976
20/02/2024 11:00,9585
20/02/2024 12:00,9765
20/02/2024 13:00,10193
20/02/2024 14:00,11306
20/02/2024 15:00,12016
20/02/2024 16:00,11761
20/02/2024 17:00,11365
20/02/2024 18:00,12084
20/02/2024 19:00,13772
20/02/2024 20:00,14883
20/02/2024 21:00,15332
20/02/2024 22:00,14156
20/02/2024 23:00,12377
21/02/2024 00:00,7701
21/02/2024 01:00,5289
21/02/2024 02:00,3667
21/02/2024 03:00,2671
21/02/2024 04:00,221
21/02/2024 05:00,2609
21/02/2024 06:00,3777
21/02/2024 07:00,5216
21/02/2024 08:00,7097
21/02/2024 09:00,8136
21/02/2024 10:00,8941
21/02/2024 11:00,9652
21/02/2024 12:00,9838
21/02/2024 13:00,1018
21/02/2024 14:00,11109
21/02/2024 15:00,11836
21/02/2024 16:00,11663
21/02/2024 17:00,11251
21/02/2024 18:00,11932
21/02/2024 19:00,13081
21/02/2024 20:00,14341
21/02/2024 21:00,15223
21/02/2024 22:00,14333
21/02/2024 23:00,12501
22/02/2024 00:00,7745
22/02/2024 01:00,5284
22/02/2024 02:00,352
22/02/2024 03:00,2412
22/02/2024 04:00,2067
22/02/2024 05:00,2397
22/02/2024 06:00,3707
22/02/2024 07:00,5284
22/02/2024 08:00,7368
22/02/2024 09:00,8494
22/02/2024 10:00,9238
22/02/2024 11:00,9838
22/02/2024 12:00,10188
22/02/2024 13:00,1059
22/02/2024 14:00,10901
22/02/2024 15:00,10935
22/02/2024 16:00,10833
22/02/2024 17:00,1117
22/02/2024 18:00,11786
22/02/2024 19:00,13054
22/02/2024 20:00,14203
22/02/2024 21:00,14897
22/02/2024 22:00,14117
22/02/2024 23:00,12194
23/02/2024 00:00,7616
23/02/2024 01:00,5296
23/02/2024 02:00,3542
23/02/2024 03:00,2443
23/02/2024 04:00,2046
23/02/2024 05:00,2438
23/02/2024 06:00,3624
23/02/2024 07:00,4971
23/02/2024 08:00,7935
23/02/2024 09:00,8565
23/02/2024 10:00,9065
23/02/2024 11:00,9523
23/02/2024 12:00,9698
23/02/2024 13:00,9983
23/02/2024 14:00,10315
23/02/2024 15:00,10477
23/02/2024 16:00,10418
23/02/2024 17:00,10683
23/02/2024 18:00,11393
23/02/2024 19:00,12342
23/02/2024 20:00,13461
23/02/2024 21:00,14242
23/02/2024 22:00,1344
23/02/2024 23:00,11934
24/02/2024 00:00,7644
24/02/2024 01:00,5594
24/02/2024 02:00,3807
24/02/2024 03:00,2713
24/02/2024 04:00,2134
24/02/2024 05:00,2476
24/02/2024 06:00,3482
24/02/2024 07:00,4892
24/02/2024 08:00,6898
24/02/2024 09:00,8116
24/02/2024 10:00,9235
24/02/2024 11:00,9756
24/02/2024 12:00,9827
24/02/2024 13:00,10076
24/02/2024 14:00,10318
24/02/2024 15:00,1094
24/02/2024 16:00,11051
24/02/2024 17:00,11068
24/02/2024 18:00,11615
24/02/2024 19:00,12255
24/02/2024 20:00,13033
24/02/2024 21:00,13793
24/02/2024 22:00,13087
24/02/2024 23:00,11801
25/02/2024 00:00,7592
25/02/2024 01:00,5626
25/02/2024 02:00,3968
25/02/2024 03:00,284
25/02/2024 04:00,2369
25/02/2024 05:00,2305
25/02/2024 06:00,3186
25/02/2024 07:00,4522
25/02/2024 08:00,6614
25/02/2024 09:00,7817
25/02/2024 10:00,8766
25/02/2024 11:00,9782
25/02/2024 12:00,10124
25/02/2024 13:00,10038
25/02/2024 14:00,10692
25/02/2024 15:00,11726
25/02/2024 16:00,12369
25/02/2024 17:00,12773
25/02/2024 18:00,12935
25/02/2024 19:00,1329
25/02/2024 20:00,1433
25/02/2024 21:00,15096
25/02/2024 22:00,14148
25/02/2024 23:00,12134
26/02/2024 00:00,7346
26/02/2024 01:00,506
26/02/2024 02:00,3377
26/02/2024 03:00,2522
26/02/2024 04:00,2174
26/02/2024 05:00,2344
26/02/2024 06:00,349
26/02/2024 07:00,4971
26/02/2024 08:00,7152
26/02/2024 09:00,8205
26/02/2024 10:00,9054
26/02/2024 11:00,9796
26/02/2024 12:00,9974
26/02/2024 13:00,10371
26/02/2024 14:00,10617
26/02/2024 15:00,11015
26/02/2024 16:00,11046
26/02/2024 17:00,11371
26/02/2024 18:00,12078
26/02/2024 19:00,13191
26/02/2024 20:00,14398
26/02/2024 21:00,15328
26/02/2024 22:00,14294
26/02/2024 23:00,12582
27/02/2024 00:00,7668
27/02/2024 01:00,5293
27/02/2024 02:00,348
27/02/2024 03:00,2487
27/02/2024 04:00,2151
27/02/2024 05:00,2768
27/02/2024 06:00,3847
27/02/2024 07:00,5212
27/02/2024 08:00,7284
27/02/2024 09:00,8289
27/02/2024 10:00,892
27/02/2024 11:00,9338
27/02/2024 12:00,9945
27/02/2024 13:00,10162
27/02/2024 14:00,10544
27/02/2024 15:00,10923
27/02/2024 16:00,10947
27/02/2024 17:00,1124
27/02/2024 18:00,11906
27/02/2024 19:00,14276
27/02/2024 20:00,15622
27/02/2024 21:00,15987
27/02/2024 22:00,14199
27/02/2024 23:00,12312
28/02/2024 00:00,7612
28/02/2024 01:00,5268
28/02/2024 02:00,3629
28/02/2024 03:00,2631
28/02/2024 04:00,2277
28/02/2024 05:00,2619
28/02/2024 06:00,3817
28/02/2024 07:00,5081
28/02/2024 08:00,7306
28/02/2024 09:00,8229
28/02/2024 10:00,8886
28/02/2024 11:00,9375
28/02/2024 12:00,977
28/02/2024 13:00,10062
28/02/2024 14:00,10683
28/02/2024 15:00,11048
28/02/2024 16:00,10865
28/02/2024 17:00,11073
28/02/2024 18:00,11808
28/02/2024 19:00,12936
28/02/2024 20:00,14094
28/02/2024 21:00,14937
28/02/2024 22:00,14052
28/02/2024 23:00,12217
29/02/2024 00:00,7536
29/02/2024 01:00,526
29/02/2024 02:00,3526
29/02/2024 03:00,2484
29/02/2024 04:00,2078
29/02/2024 05:00,2574
29/02/2024 06:00,3839
29/02/2024 07:00,5203
29/02/2024 08:00,7196
29/02/2024 09:00,8095
29/02/2024 10:00,8691
29/02/2024 11:00,9225
29/02/2024 12:00,9577
29/02/2024 13:00,9738
29/02/2024 14:00,10038
29/02/2024 15:00,10482
29/02/2024 16:00,10531
29/02/2024 17:00,10849
29/02/2024 18:00,1142
29/02/2024 19:00,12557
29/02/2024 20:00,13765
29/02/2024 21:00,14545
29/02/2024 22:00,13681
29/02/2024 23:00,11964
1/03/2024 00:00,7428
1/03/2024 01:00,5243
1/03/2024 02:00,3533
1/03/2024 03:00,2546
1/03/2024 04:00,2244
1/03/2024 05:00,2581
1/03/2024 06:00,3792
1/03/2024 07:00,5074
1/03/2024 08:00,7115
1/03/2024 09:00,8055
1/03/2024 10:00,8784
1/03/2024 11:00,9319
1/03/2024 12:00,9684
1/03/2024 13:00,9858
1/03/2024 14:00,10312
1/03/2024 15:00,10855
1/03/2024 16:00,10841
1/03/2024 17:00,10899
1/03/2024 18:00,11405
1/03/2024 19:00,1245
1/03/2024 20:00,13652
1/03/2024 21:00,14419
1/03/2024 22:00,13627
1/03/2024 23:00,12065
2/03/2024 00:00,7729
2/03/2024 01:00,5483
2/03/2024 02:00,3749
2/03/2024 03:00,2746
2/03/2024 04:00,2419
2/03/2024 05:00,2636
2/03/2024 06:00,3582
2/03/2024 07:00,5023
2/03/2024 08:00,723
2/03/2024 09:00,8395
2/03/2024 10:00,9273
2/03/2024 11:00,9582
2/03/2024 12:00,9652
2/03/2024 13:00,995
2/03/2024 14:00,10409
2/03/2024 15:00,10603
2/03/2024 16:00,10772
2/03/2024 17:00,11128
2/03/2024 18:00,1164
2/03/2024 19:00,12488
2/03/2024 20:00,13402
2/03/2024 21:00,13872
2/03/2024 22:00,13043
2/03/2024 23:00,11738
3/03/2024 00:00,7749
3/03/2024 01:00,5669
3/03/2024 02:00,3922
3/03/2024 03:00,2877
3/03/2024 04:00,2359
3/03/2024 05:00,2359
3/03/2024 06:00,3199
3/03/2024 07:00,4543
3/03/2024 08:00,6728
3/03/2024 09:00,7821
3/03/2024 10:00,9025
3/03/2024 11:00,9914
3/03/2024 12:00,10122
3/03/2024 13:00,9963
3/03/2024 14:00,10099
3/03/2024 15:00,11017
3/03/2024 16:00,11403
3/03/2024 17:00,11619
3/03/2024 18:00,1255
3/03/2024 19:00,13157
3/03/2024 20:00,13871
3/03/2024 21:00,14532
3/03/2024 22:00,13442
3/03/2024 23:00,11757
4/03/2024 00:00,7111
4/03/2024 01:00,4936
4/03/2024 02:00,3335
4/03/2024 03:00,2344
4/03/2024 04:00,2182
4/03/2024 05:00,2525
4/03/2024 06:00,3562
4/03/2024 07:00,4741
4/03/2024 08:00,6706
4/03/2024 09:00,7787
4/03/2024 10:00,8494
4/03/2024 11:00,8936
4/03/2024 12:00,923
4/03/2024 13:00,976
4/03/2024 14:00,1030
4/03/2024 15:00,10785
4/03/2024 16:00,10742
4/03/2024 17:00,10857
4/03/2024 18:00,11476
4/03/2024 19:00,12425
4/03/2024 20:00,13574
4/03/2024 21:00,14466
4/03/2024 22:00,13918
4/03/2024 23:00,12375
5/03/2024 00:00,8044
5/03/2024 01:00,5668
5/03/2024 02:00,3729
5/03/2024 03:00,2665
5/03/2024 04:00,2214
5/03/2024 05:00,2474
5/03/2024 06:00,3714
5/03/2024 07:00,4856
5/03/2024 08:00,6953
5/03/2024 09:00,7907
5/03/2024 10:00,9062
5/03/2024 11:00,9356
5/03/2024 12:00,9504
5/03/2024 13:00,9787
5/03/2024 14:00,9993
5/03/2024 15:00,11165
5/03/2024 16:00,11304
5/03/2024 17:00,11147
5/03/2024 18:00,11682
5/03/2024 19:00,13066
5/03/2024 20:00,14098
5/03/2024 21:00,15034
5/03/2024 22:00,13793
5/03/2024 23:00,12263
6/03/2024 00:00,7965
6/03/2024 01:00,5671
6/03/2024 02:00,3796
6/03/2024 03:00,2587
6/03/2024 04:00,2179
6/03/2024 05:00,2421
6/03/2024 06:00,3783
6/03/2024 07:00,4946
6/03/2024 08:00,6869
6/03/2024 09:00,7797
6/03/2024 10:00,8344
6/03/2024 11:00,8752
6/03/2024 12:00,9085
6/03/2024 13:00,9519
6/03/2024 14:00,10161
6/03/2024 15:00,11552
6/03/2024 16:00,1166
6/03/2024 17:00,10955
6/03/2024 18:00,11395
6/03/2024 19:00,12529
6/03/2024 20:00,13596
6/03/2024 21:00,14441
6/03/2024 22:00,13768
6/03/2024 23:00,12218
7/03/2024 00:00,7848
7/03/2024 01:00,5446
7/03/2024 02:00,379
7/03/2024 03:00,2623
7/03/2024 04:00,2141
7/03/2024 05:00,232
7/03/2024 06:00,3636
7/03/2024 07:00,4732
7/03/2024 08:00,6885
7/03/2024 09:00,7908
7/03/2024 10:00,8393
7/03/2024 11:00,8664
7/03/2024 12:00,9283
7/03/2024 13:00,9733
7/03/2024 14:00,10196
7/03/2024 15:00,10798
7/03/2024 16:00,10891
7/03/2024 17:00,11109
7/03/2024 18:00,11743
7/03/2024 19:00,12913
7/03/2024 20:00,14148
7/03/2024 21:00,1495
7/03/2024 22:00,13723
7/03/2024 23:00,12394
8/03/2024 00:00,7941
8/03/2024 01:00,5738
8/03/2024 02:00,3861
8/03/2024 03:00,2583
8/03/2024 04:00,2235
8/03/2024 05:00,2627
8/03/2024 06:00,3976
8/03/2024 07:00,5522
8/03/2024 08:00,7848
8/03/2024 09:00,9287
8/03/2024 10:00,9779
8/03/2024 11:00,9899
8/03/2024 12:00,9974
8/03/2024 13:00,10505
8/03/2024 14:00,11164
8/03/2024 15:00,11906
8/03/2024 16:00,12168
8/03/2024 17:00,11509
8/03/2024 18:00,11806
8/03/2024 19:00,14944
8/03/2024 20:00,15393
8/03/2024 21:00,16003
8/03/2024 22:00,1497
8/03/2024 23:00,13583
9/03/2024 00:00,8755
9/03/2024 01:00,6231
9/03/2024 02:00,4163
9/03/2024 03:00,2939
9/03/2024 04:00,2303
9/03/2024 05:00,2267
9/03/2024 06:00,3213
9/03/2024 07:00,480
9/03/2024 08:00,7019
9/03/2024 09:00,8754
9/03/2024 10:00,9644
9/03/2024 11:00,10244
9/03/2024 12:00,10803
9/03/2024 13:00,10908
9/03/2024 14:00,10883
9/03/2024 15:00,11061
9/03/2024 16:00,11054
9/03/2024 17:00,1153
9/03/2024 18:00,12061
9/03/2024 19:00,13017
9/03/2024 20:00,15046
9/03/2024 21:00,15948
9/03/2024 22:00,14409
9/03/2024 23:00,13004
10/03/2024 00:00,8835
10/03/2024 01:00,6527
10/03/2024 02:00,4328
10/03/2024 03:00,3036
10/03/2024 04:00,2386
10/03/2024 05:00,2222
10/03/2024 06:00,2893
10/03/2024 07:00,4566
10/03/2024 08:00,6877
10/03/2024 09:00,8076
10/03/2024 10:00,9432
10/03/2024 11:00,10359
10/03/2024 12:00,10905
10/03/2024 13:00,10929
10/03/2024 14:00,1095
10/03/2024 15:00,11115
10/03/2024 16:00,11695
10/03/2024 17:00,12052
10/03/2024 18:00,12519
10/03/2024 19:00,1329
10/03/2024 20:00,14207
10/03/2024 21:00,15157
10/03/2024 22:00,13812
10/03/2024 23:00,12076
11/03/2024 00:00,7535
11/03/2024 01:00,5189
11/03/2024 02:00,3408
11/03/2024 03:00,2438
11/03/2024 04:00,2033
11/03/2024 05:00,2284
11/03/2024 06:00,3728
11/03/2024 07:00,4477
11/03/2024 08:00,6238
11/03/2024 09:00,7182
11/03/2024 10:00,775
11/03/2024 11:00,8276
11/03/2024 12:00,8323
11/03/2024 13:00,8732
11/03/2024 14:00,9398
11/03/2024 15:00,10331
11/03/2024 16:00,10738
11/03/2024 17:00,10876
11/03/2024 18:00,11521
11/03/2024 19:00,12702
11/03/2024 20:00,13817
11/03/2024 21:00,14467
11/03/2024 22:00,1368
11/03/2024 23:00,12017
12/03/2024 00:00,7499
12/03/2024 01:00,5104
12/03/2024 02:00,3334
12/03/2024 03:00,2366
12/03/2024 04:00,1981
12/03/2024 05:00,2352
12/03/2024 06:00,3784
12/03/2024 07:00,4674
12/03/2024 08:00,6373
12/03/2024 09:00,7389
12/03/2024 10:00,785
12/03/2024 11:00,811
12/03/2024 12:00,8421
12/03/2024 13:00,9023
12/03/2024 14:00,9592
12/03/2024 15:00,1116
12/03/2024 16:00,11437
12/03/2024 17:00,11327
12/03/2024 18:00,11522
12/03/2024 19:00,12671
12/03/2024 20:00,14049
12/03/2024 21:00,14911
12/03/2024 22:00,14057
12/03/2024 23:00,1214
13/03/2024 00:00,7388
13/03/2024 01:00,5252
13/03/2024 02:00,3565
13/03/2024 03:00,2592
13/03/2024 04:00,2207
13/03/2024 05:00,2507
13/03/2024 06:00,391
13/03/2024 07:00,4893
13/03/2024 08:00,6889
13/03/2024 09:00,7631
13/03/2024 10:00,8025
13/03/2024 11:00,8155
13/03/2024 12:00,8427
13/03/2024 13:00,9014
13/03/2024 14:00,9604
13/03/2024 15:00,10855
13/03/2024 16:00,11165
13/03/2024 17:00,11507
13/03/2024 18:00,11944
13/03/2024 19:00,13469
13/03/2024 20:00,14737
13/03/2024 21:00,1530
13/03/2024 22:00,14302
13/03/2024 23:00,12374
14/03/2024 00:00,7586
14/03/2024 01:00,5137
14/03/2024 02:00,3402
14/03/2024 03:00,2488
14/03/2024 04:00,2055
14/03/2024 05:00,257
14/03/2024 06:00,4019
14/03/2024 07:00,4813
14/03/2024 08:00,6526
14/03/2024 09:00,7328
14/03/2024 10:00,7801
14/03/2024 11:00,8156
14/03/2024 12:00,8258
14/03/2024 13:00,8869
14/03/2024 14:00,941
14/03/2024 15:00,1019
14/03/2024 16:00,10473
14/03/2024 17:00,10644
14/03/2024 18:00,1119
14/03/2024 19:00,12448
14/03/2024 20:00,13582
14/03/2024 21:00,14309
14/03/2024 22:00,13295
14/03/2024 23:00,11766
15/03/2024 00:00,7202
15/03/2024 01:00,5082
15/03/2024 02:00,337
15/03/2024 03:00,2435
15/03/2024 04:00,198
15/03/2024 05:00,2405
15/03/2024 06:00,404
15/03/2024 07:00,4849
15/03/2024 08:00,6512
15/03/2024 09:00,7332
15/03/2024 10:00,7745
15/03/2024 11:00,8167
15/03/2024 12:00,8101
15/03/2024 13:00,8735
15/03/2024 14:00,9395
15/03/2024 15:00,10004
15/03/2024 16:00,10093
15/03/2024 17:00,10504
15/03/2024 18:00,11101
15/03/2024 19:00,12229
15/03/2024 20:00,13255
15/03/2024 21:00,13974
15/03/2024 22:00,13306
15/03/2024 23:00,11846
16/03/2024 00:00,755
16/03/2024 01:00,5369
16/03/2024 02:00,3631
16/03/2024 03:00,2612
16/03/2024 04:00,2094
16/03/2024 05:00,2149
16/03/2024 06:00,3282
16/03/2024 07:00,4956
16/03/2024 08:00,6964
16/03/2024 09:00,7963
16/03/2024 10:00,9127
16/03/2024 11:00,9929
16/03/2024 12:00,9983
16/03/2024 13:00,10236
16/03/2024 14:00,998
16/03/2024 15:00,10093
16/03/2024 16:00,10371
16/03/2024 17:00,10949
16/03/2024 18:00,11528
16/03/2024 19:00,12381
16/03/2024 20:00,12902
16/03/2024 21:00,13588
16/03/2024 22:00,12991
16/03/2024 23:00,11789
17/03/2024 00:00,7753
17/03/2024 01:00,5829
17/03/2024 02:00,3997
17/03/2024 03:00,2915
17/03/2024 04:00,229
17/03/2024 05:00,211
17/03/2024 06:00,2939
17/03/2024 07:00,4713
17/03/2024 08:00,6812
17/03/2024 09:00,809
17/03/2024 10:00,9261
17/03/2024 11:00,10237
17/03/2024 12:00,10776
17/03/2024 13:00,10694
17/03/2024 14:00,10127
17/03/2024 15:00,11038
17/03/2024 16:00,11345
17/03/2024 17:00,11386
17/03/2024 18:00,11859
17/03/2024 19:00,12724
17/03/2024 20:00,13559
17/03/2024 21:00,14038
17/03/2024 22:00,13238
17/03/2024 23:00,11457
18/03/2024 00:00,7073
18/03/2024 01:00,4775
18/03/2024 02:00,322
18/03/2024 03:00,2381
18/03/2024 04:00,1945
18/03/2024 05:00,2269
18/03/2024 06:00,3709
18/03/2024 07:00,4464
18/03/2024 08:00,6338
18/03/2024 09:00,7121
18/03/2024 10:00,7587
18/03/2024 11:00,7992
18/03/2024 12:00,7973
18/03/2024 13:00,826
18/03/2024 14:00,9187
18/03/2024 15:00,9617
18/03/2024 16:00,9853
18/03/2024 17:00,10238
18/03/2024 18:00,11074
18/03/2024 19:00,12237
18/03/2024 20:00,1318
18/03/2024 21:00,14005
18/03/2024 22:00,13183
18/03/2024 23:00,11777
19/03/2024 00:00,7081
19/03/2024 01:00,4817
19/03/2024 02:00,3172
19/03/2024 03:00,2324
19/03/2024 04:00,1967
19/03/2024 05:00,2286
19/03/2024 06:00,3743
19/03/2024 07:00,4655
19/03/2024 08:00,6334
19/03/2024 09:00,7402
19/03/2024 10:00,7955
19/03/2024 11:00,8547
19/03/2024 12:00,8309
19/03/2024 13:00,8846
19/03/2024 14:00,934
19/03/2024 15:00,10122
19/03/2024 16:00,10423
19/03/2024 17:00,10929
19/03/2024 18:00,11561
19/03/2024 19:00,12596
19/03/2024 20:00,13552
19/03/2024 21:00,14273
19/03/2024 22:00,13292
19/03/2024 23:00,11498
20/03/2024 00:00,7004
20/03/2024 01:00,4914
20/03/2024 02:00,3321
20/03/2024 03:00,2464
20/03/2024 04:00,2229
20/03/2024 05:00,240
20/03/2024 06:00,3742
20/03/2024 07:00,4616
20/03/2024 08:00,6423
20/03/2024 09:00,7093
20/03/2024 10:00,7638
20/03/2024 11:00,7957
20/03/2024 12:00,8089
20/03/2024 13:00,8592
20/03/2024 14:00,9112
20/03/2024 15:00,9662
20/03/2024 16:00,996
20/03/2024 17:00,10434
20/03/2024 18:00,11285
20/03/2024 19:00,12679
20/03/2024 20:00,1388
20/03/2024 21:00,14275
20/03/2024 22:00,13385
20/03/2024 23:00,11745
21/03/2024 00:00,7088
21/03/2024 01:00,4888
21/03/2024 02:00,3248
21/03/2024 03:00,242
21/03/2024 04:00,2085
21/03/2024 05:00,2419
21/03/2024 06:00,3996
21/03/2024 07:00,4873
21/03/2024 08:00,6495
21/03/2024 09:00,7241
21/03/2024 10:00,7662
21/03/2024 11:00,8057
21/03/2024 12:00,8174
21/03/2024 13:00,8754
21/03/2024 14:00,9251
21/03/2024 15:00,9828
21/03/2024 16:00,10048
21/03/2024 17:00,1053
21/03/2024 18:00,11306
21/03/2024 19:00,1247
21/03/2024 20:00,13478
21/03/2024 21:00,14082
21/03/2024 22:00,13037
21/03/2024 23:00,11444
22/03/2024 00:00,6913
22/03/2024 01:00,4782
22/03/2024 02:00,3192
22/03/2024 03:00,2299
22/03/2024 04:00,1963
22/03/2024 05:00,2369
22/03/2024 06:00,3978
22/03/2024 07:00,461
22/03/2024 08:00,6346
22/03/2024 09:00,7273
22/03/2024 10:00,7768
22/03/2024 11:00,8154
22/03/2024 12:00,8254
22/03/2024 13:00,8617
22/03/2024 14:00,9253
22/03/2024 15:00,1056
22/03/2024 16:00,10767
22/03/2024 17:00,1121
22/03/2024 18:00,11477
22/03/2024 19:00,12728
22/03/2024 20:00,13942
22/03/2024 21:00,14684
22/03/2024 22:00,1410
22/03/2024 23:00,11956
23/03/2024 00:00,7648
23/03/2024 01:00,5466
23/03/2024 02:00,3631
23/03/2024 03:00,2581
23/03/2024 04:00,2022
23/03/2024 05:00,2243
23/03/2024 06:00,3541
23/03/2024 07:00,5302
23/03/2024 08:00,7288
23/03/2024 09:00,8263
23/03/2024 10:00,8984
23/03/2024 11:00,9409
23/03/2024 12:00,9703
23/03/2024 13:00,9916
23/03/2024 14:00,11169
23/03/2024 15:00,11602
23/03/2024 16:00,1097
23/03/2024 17:00,10939
23/03/2024 18:00,11621
23/03/2024 19:00,12326
23/03/2024 20:00,13431
23/03/2024 21:00,14068
23/03/2024 22:00,13432
23/03/2024 23:00,12494
24/03/2024 00:00,8264
24/03/2024 01:00,5905
24/03/2024 02:00,4012
24/03/2024 03:00,2814
24/03/2024 04:00,2104
24/03/2024 05:00,1968
24/03/2024 06:00,2905
24/03/2024 07:00,4463
24/03/2024 08:00,6538
24/03/2024 09:00,7818
24/03/2024 10:00,9044
24/03/2024 11:00,9756
24/03/2024 12:00,10295
24/03/2024 13:00,10549
24/03/2024 14:00,10392
24/03/2024 15:00,10921
24/03/2024 16:00,11539
24/03/2024 17:00,1185
24/03/2024 18:00,12151
24/03/2024 19:00,13077
24/03/2024 20:00,14108
24/03/2024 21:00,14669
24/03/2024 22:00,13688
24/03/2024 23:00,11583
25/03/2024 00:00,6995
25/03/2024 01:00,4819
25/03/2024 02:00,3526
25/03/2024 03:00,225
25/03/2024 04:00,2211
25/03/2024 05:00,223
25/03/2024 06:00,368
25/03/2024 07:00,4533
25/03/2024 08:00,6155
25/03/2024 09:00,6984
25/03/2024 10:00,7405
25/03/2024 11:00,7703
25/03/2024 12:00,7856
25/03/2024 13:00,8326
25/03/2024 14:00,8776
25/03/2024 15:00,9484
25/03/2024 16:00,9769
25/03/2024 17:00,10227
25/03/2024 18:00,10969
25/03/2024 19:00,12193
25/03/2024 20:00,13296
25/03/2024 21:00,13978
25/03/2024 22:00,13152
25/03/2024 23:00,11356
26/03/2024 00:00,6874
26/03/2024 01:00,4718
26/03/2024 02:00,3082
26/03/2024 03:00,2272
26/03/2024 04:00,1925
26/03/2024 05:00,2274
26/03/2024 06:00,3696
26/03/2024 07:00,4501
26/03/2024 08:00,634
26/03/2024 09:00,7272
26/03/2024 10:00,792
26/03/2024 11:00,8242
26/03/2024 12:00,8348
26/03/2024 13:00,9202
26/03/2024 14:00,9996
26/03/2024 15:00,12426
26/03/2024 16:00,13127
26/03/2024 17:00,13105
26/03/2024 18:00,12133
26/03/2024 19:00,13255
26/03/2024 20:00,14378
26/03/2024 21:00,15051
26/03/2024 22:00,14258
26/03/2024 23:00,12073
27/03/2024 00:00,7383
27/03/2024 01:00,5042
27/03/2024 02:00,3475
27/03/2024 03:00,2787
27/03/2024 04:00,2508
27/03/2024 05:00,3314
27/03/2024 06:00,5384
27/03/2024 07:00,6302
27/03/2024 08:00,8035
27/03/2024 09:00,8829
27/03/2024 10:00,9387
27/03/2024 11:00,9268
27/03/2024 12:00,8024
27/03/2024 13:00,8567
27/03/2024 14:00,9256
27/03/2024 15:00,9656
27/03/2024 16:00,9939
27/03/2024 17:00,10473
27/03/2024 18:00,11108
27/03/2024 19:00,12369
27/03/2024 20:00,13429
27/03/2024 21:00,1435
27/03/2024 22:00,13615
27/03/2024 23:00,12593
28/03/2024 00:00,7986
28/03/2024 01:00,5853
28/03/2024 02:00,3948
28/03/2024 03:00,2808
28/03/2024 04:00,2189
28/03/2024 05:00,2196
28/03/2024 06:00,3383
28/03/2024 07:00,5093
28/03/2024 08:00,7222
28/03/2024 09:00,8466
28/03/2024 10:00,9558
28/03/2024 11:00,10219
28/03/2024 12:00,10407
28/03/2024 13:00,10585
28/03/2024 14:00,10393
28/03/2024 15:00,10887
28/03/2024 16:00,11111
28/03/2024 17:00,11558
28/03/2024 18:00,11979
28/03/2024 19:00,12815
28/03/2024 20:00,13929
28/03/2024 21:00,14646
28/03/2024 22:00,13735
28/03/2024 23:00,12425
29/03/2024 00:00,8283
29/03/2024 01:00,6114
29/03/2024 02:00,4143
29/03/2024 03:00,2912
29/03/2024 04:00,2373
29/03/2024 05:00,2251
29/03/2024 06:00,3295
29/03/2024 07:00,4952
29/03/2024 08:00,7161
29/03/2024 09:00,8256
29/03/2024 10:00,923
29/03/2024 11:00,9858
29/03/2024 12:00,10135
29/03/2024 13:00,10042
29/03/2024 14:00,9886
29/03/2024 15:00,10327
29/03/2024 16:00,10727
29/03/2024 17:00,1136
29/03/2024 18:00,12062
29/03/2024 19:00,12871
29/03/2024 20:00,1381
29/03/2024 21:00,14503
29/03/2024 22:00,13799
29/03/2024 23:00,12348
30/03/2024 00:00,8016
30/03/2024 01:00,5815
30/03/2024 02:00,3932
30/03/2024 03:00,2682
30/03/2024 04:00,2111
30/03/2024 05:00,2179
30/03/2024 06:00,3388
30/03/2024 07:00,5099
30/03/2024 08:00,7142
30/03/2024 09:00,8173
30/03/2024 10:00,9164
30/03/2024 11:00,9599
30/03/2024 12:00,9685
30/03/2024 13:00,984
30/03/2024 14:00,10041
30/03/2024 15:00,10889
30/03/2024 16:00,11378
30/03/2024 17:00,11462
30/03/2024 18:00,11623
30/03/2024 19:00,12331
30/03/2024 20:00,1401
30/03/2024 21:00,15263
30/03/2024 22:00,13705
30/03/2024 23:00,12224
31/03/2024 00:00,826
31/03/2024 01:00,6166
31/03/2024 02:00,4142
31/03/2024 03:00,293
31/03/2024 04:00,219
31/03/2024 05:00,2044
31/03/2024 06:00,308
31/03/2024 07:00,4634
31/03/2024 08:00,6969
31/03/2024 09:00,8284
31/03/2024 10:00,9447
31/03/2024 11:00,10394
31/03/2024 12:00,10857
31/03/2024 13:00,10468
31/03/2024 14:00,10665
31/03/2024 15:00,11281
31/03/2024 16:00,11373
31/03/2024 17:00,11863
31/03/2024 18:00,12196
31/03/2024 19:00,13004
31/03/2024 20:00,14112
31/03/2024 21:00,14824
31/03/2024 22:00,14082
31/03/2024 23:00,11815
1/04/2024 00:00,7252
1/04/2024 01:00,5019
1/04/2024 02:00,3272
1/04/2024 03:00,2342
1/04/2024 04:00,1807
1/04/2024 05:00,2198
1/04/2024 06:00,3702
1/04/2024 07:00,4594
1/04/2024 08:00,6281
1/04/2024 09:00,7148
1/04/2024 10:00,7594
1/04/2024 11:00,7988
1/04/2024 12:00,8017
1/04/2024 13:00,8336
1/04/2024 14:00,9124
1/04/2024 15:00,9671
1/04/2024 16:00,9747
1/04/2024 17:00,10234
1/04/2024 18:00,11203
1/04/2024 19:00,12405
1/04/2024 20:00,1358
1/04/2024 21:00,14196
1/04/2024 22:00,13408
1/04/2024 23:00,11814
2/04/2024 00:00,7318
2/04/2024 01:00,479
2/04/2024 02:00,3124
2/04/2024 03:00,2274
2/04/2024 04:00,1869
2/04/2024 05:00,2241
2/04/2024 06:00,362
2/04/2024 07:00,4409
2/04/2024 08:00,620
2/04/2024 09:00,7096
2/04/2024 10:00,7607
2/04/2024 11:00,7832
2/04/2024 12:00,8136
2/04/2024 13:00,889
2/04/2024 14:00,922
2/04/2024 15:00,9799
2/04/2024 16:00,9895
2/04/2024 17:00,1033
2/04/2024 18:00,11161
2/04/2024 19:00,12376
2/04/2024 20:00,9106
2/04/2024 21:00,15592
2/04/2024 22:00,1473
2/04/2024 23:00,11653
3/04/2024 00:00,7028
3/04/2024 01:00,486
3/04/2024 02:00,3134
3/04/2024 03:00,2323
3/04/2024 04:00,2018
3/04/2024 05:00,2367
3/04/2024 06:00,3687
3/04/2024 07:00,4429
3/04/2024 08:00,6185
3/04/2024 09:00,7158
3/04/2024 10:00,759
3/04/2024 11:00,7971
3/04/2024 12:00,8063
3/04/2024 13:00,8891
3/04/2024 14:00,9621
3/04/2024 15:00,1028
3/04/2024 16:00,10248
3/04/2024 17:00,10591
3/04/2024 18:00,11458
3/04/2024 19:00,13912
3/04/2024 20:00,15179
3/04/2024 21:00,15998
3/04/2024 22:00,13402
3/04/2024 23:00,11594
4/04/2024 00:00,7253
4/04/2024 01:00,4858
4/04/2024 02:00,319
4/04/2024 03:00,2508
4/04/2024 04:00,2133
4/04/2024 05:00,2372
4/04/2024 06:00,3729
4/04/2024 07:00,4639
4/04/2024 08:00,6339
4/04/2024 09:00,7146
4/04/2024 10:00,7567
4/04/2024 11:00,7894
4/04/2024 12:00,7944
4/04/2024 13:00,8685
4/04/2024 14:00,9266
4/04/2024 15:00,10116
4/04/2024 16:00,9949
4/04/2024 17:00,1030
4/04/2024 18:00,11373
4/04/2024 19:00,12507
4/04/2024 20:00,13439
4/04/2024 21:00,14118
4/04/2024 22:00,13214
4/04/2024 23:00,11529
5/04/2024 00:00,7089
5/04/2024 01:00,4854
5/04/2024 02:00,318
5/04/2024 03:00,2225
5/04/2024 04:00,1871
5/04/2024 05:00,2317
5/04/2024 06:00,3739
5/04/2024 07:00,4457
5/04/2024 08:00,614
5/04/2024 09:00,686
5/04/2024 10:00,7319
5/04/2024 11:00,759
5/04/2024 12:00,7648
5/04/2024 13:00,8338
5/04/2024 14:00,9013
5/04/2024 15:00,9605
5/04/2024 16:00,9745
5/04/2024 17:00,10165
5/04/2024 18:00,10876
5/04/2024 19:00,12155
5/04/2024 20:00,13492
5/04/2024 21:00,14257
5/04/2024 22:00,13634
5/04/2024 23:00,11896
6/04/2024 00:00,7567
6/04/2024 01:00,5516
6/04/2024 02:00,3696
6/04/2024 03:00,267
6/04/2024 04:00,2109
6/04/2024 05:00,2242
6/04/2024 06:00,3621
6/04/2024 07:00,5281
6/04/2024 08:00,7402
6/04/2024 09:00,8463
6/04/2024 10:00,9196
6/04/2024 11:00,9643
6/04/2024 12:00,9867
6/04/2024 13:00,9952
6/04/2024 14:00,9982
6/04/2024 15:00,10589
6/04/2024 16:00,10699
6/04/2024 17:00,11209
6/04/2024 18:00,1182
6/04/2024 19:00,12513
6/04/2024 20:00,13195
6/04/2024 21:00,13942
6/04/2024 22:00,13271
6/04/2024 23:00,12027
7/04/2024 00:00,7983
7/04/2024 01:00,6009
7/04/2024 02:00,4248
7/04/2024 03:00,2999
7/04/2024 04:00,2244
7/04/2024 05:00,2067
7/04/2024 06:00,3146
7/04/2024 07:00,4844
7/04/2024 08:00,7053
7/04/2024 09:00,8511
7/04/2024 10:00,9718
7/04/2024 11:00,10327
7/04/2024 12:00,10335
7/04/2024 13:00,10612
7/04/2024 14:00,10329
7/04/2024 15:00,11077
7/04/2024 16:00,11313
7/04/2024 17:00,1208
7/04/2024 18:00,12201
7/04/2024 19:00,13072
7/04/2024 20:00,13951
7/04/2024 21:00,14453
7/04/2024 22:00,13454
7/04/2024 23:00,11645
8/04/2024 00:00,7223
8/04/2024 01:00,4967
8/04/2024 02:00,3312
8/04/2024 03:00,2321
8/04/2024 04:00,185
8/04/2024 05:00,2151
8/04/2024 06:00,3586
8/04/2024 07:00,4574
8/04/2024 08:00,6376
8/04/2024 09:00,6997
8/04/2024 10:00,7519
8/04/2024 11:00,7868
8/04/2024 12:00,7949
8/04/2024 13:00,8518
8/04/2024 14:00,9098
8/04/2024 15:00,969
8/04/2024 16:00,9921
8/04/2024 17:00,10395
8/04/2024 18:00,11065
8/04/2024 19:00,12274
8/04/2024 20:00,13494
8/04/2024 21:00,14356
8/04/2024 22:00,1353
8/04/2024 23:00,1174
9/04/2024 00:00,7066
9/04/2024 01:00,4856
9/04/2024 02:00,3624
9/04/2024 03:00,2634
9/04/2024 04:00,2464
9/04/2024 05:00,3264
9/04/2024 06:00,4987
9/04/2024 07:00,5016
9/04/2024 08:00,6531
9/04/2024 09:00,744
9/04/2024 10:00,7983
9/04/2024 11:00,8255
9/04/2024 12:00,8175
9/04/2024 13:00,9256
9/04/2024 14:00,12325
9/04/2024 15:00,13145
9/04/2024 16:00,10896
9/04/2024 17:00,10878
9/04/2024 18:00,11698
9/04/2024 19:00,13355
9/04/2024 20:00,14506
9/04/2024 21:00,16144
9/04/2024 22:00,1517
9/04/2024 23:00,12542
10/04/2024 00:00,7454
10/04/2024 01:00,5028
10/04/2024 02:00,3287
10/04/2024 03:00,2445
10/04/2024 04:00,1438
10/04/2024 05:00,2716
10/04/2024 06:00,4188
10/04/2024 07:00,4978
10/04/2024 08:00,6595
10/04/2024 09:00,7373
10/04/2024 10:00,7568
10/04/2024 11:00,7815
10/04/2024 12:00,7741
10/04/2024 13:00,8579
10/04/2024 14:00,10838
10/04/2024 15:00,11584
10/04/2024 16:00,10043
10/04/2024 17:00,11443
10/04/2024 18:00,12451
10/04/2024 19:00,12442
10/04/2024 20:00,13839
10/04/2024 21:00,15154
10/04/2024 22:00,14231
10/04/2024 23:00,11927
11/04/2024 00:00,7068
11/04/2024 01:00,481
11/04/2024 02:00,324
11/04/2024 03:00,2349
11/04/2024 04:00,1983
11/04/2024 05:00,2351
11/04/2024 06:00,371
11/04/2024 07:00,446
11/04/2024 08:00,5987
11/04/2024 09:00,6796
11/04/2024 10:00,7391
11/04/2024 11:00,7727
11/04/2024 12:00,7838
11/04/2024 13:00,8455
11/04/2024 14:00,9258
11/04/2024 15:00,10001
11/04/2024 16:00,9777
11/04/2024 17:00,10424
11/04/2024 18:00,11473
11/04/2024 19:00,12586
11/04/2024 20:00,13681
11/04/2024 21:00,14188
11/04/2024 22:00,13427
11/04/2024 23:00,11513
12/04/2024 00:00,6962
12/04/2024 01:00,5008
12/04/2024 02:00,3393
12/04/2024 03:00,2423
12/04/2024 04:00,1949
12/04/2024 05:00,2407
12/04/2024 06:00,3868
12/04/2024 07:00,4698
12/04/2024 08:00,6279
12/04/2024 09:00,6928
12/04/2024 10:00,7428
12/04/2024 11:00,778
12/04/2024 12:00,7827
12/04/2024 13:00,8405
12/04/2024 14:00,8809
12/04/2024 15:00,5869
12/04/2024 16:00,9563
12/04/2024 17:00,9963
12/04/2024 18:00,10832
12/04/2024 19:00,12003
12/04/2024 20:00,1309
12/04/2024 21:00,14024
12/04/2024 22:00,13291
12/04/2024 23:00,11732
13/04/2024 00:00,7326
13/04/2024 01:00,5312
13/04/2024 02:00,3666
13/04/2024 03:00,269
13/04/2024 04:00,2168
13/04/2024 05:00,2246
13/04/2024 06:00,3455
13/04/2024 07:00,5071
13/04/2024 08:00,7031
13/04/2024 09:00,8221
13/04/2024 10:00,9048
13/04/2024 11:00,9455
13/04/2024 12:00,9919
13/04/2024 13:00,9908
13/04/2024 14:00,10014
13/04/2024 15:00,1048
13/04/2024 16:00,10222
13/04/2024 17:00,10823
13/04/2024 18:00,11366
13/04/2024 19:00,12118
13/04/2024 20:00,13317
13/04/2024 21:00,1409
13/04/2024 22:00,13361
13/04/2024 23:00,11987
14/04/2024 00:00,791
14/04/2024 01:00,5792
14/04/2024 02:00,4061
14/04/2024 03:00,289
14/04/2024 04:00,2275
14/04/2024 05:00,2158
14/04/2024 06:00,308
14/04/2024 07:00,4626
14/04/2024 08:00,7109
14/04/2024 09:00,8977
14/04/2024 10:00,926
14/04/2024 11:00,9983
14/04/2024 12:00,10404
14/04/2024 13:00,10127
14/04/2024 14:00,10149
14/04/2024 15:00,10769
14/04/2024 16:00,10968
14/04/2024 17:00,11572
14/04/2024 18:00,12224
14/04/2024 19:00,13401
14/04/2024 20:00,14644
14/04/2024 21:00,15359
14/04/2024 22:00,13587
14/04/2024 23:00,11742
15/04/2024 00:00,7099
15/04/2024 01:00,4794
15/04/2024 02:00,3201
15/04/2024 03:00,2296
15/04/2024 04:00,1849
15/04/2024 05:00,2216
15/04/2024 06:00,3713
15/04/2024 07:00,4509
15/04/2024 08:00,6069
15/04/2024 09:00,681
15/04/2024 10:00,7411
15/04/2024 11:00,7764
15/04/2024 12:00,7817
15/04/2024 13:00,8314
15/04/2024 14:00,8822
15/04/2024 15:00,951
15/04/2024 16:00,9673
15/04/2024 17:00,10068
15/04/2024 18:00,10966
15/04/2024 19:00,12814
15/04/2024 20:00,13966
15/04/2024 21:00,14613
15/04/2024 22:00,13177
15/04/2024 23:00,11444
16/04/2024 00:00,6864
16/04/2024 01:00,4647
16/04/2024 02:00,3082
16/04/2024 03:00,2257
16/04/2024 04:00,1855
16/04/2024 05:00,2381
16/04/2024 06:00,3846
16/04/2024 07:00,4832
16/04/2024 08:00,6376
16/04/2024 09:00,7024
16/04/2024 10:00,7514
16/04/2024 11:00,7705
16/04/2024 12:00,7615
16/04/2024 13:00,8488
16/04/2024 14:00,11078
16/04/2024 15:00,12298
16/04/2024 16:00,10652
16/04/2024 17:00,1012
16/04/2024 18:00,11032
16/04/2024 19:00,12382
16/04/2024 20:00,1363
16/04/2024 21:00,14441
16/04/2024 22:00,13421
16/04/2024 23:00,11637
17/04/2024 00:00,6943
17/04/2024 01:00,476
17/04/2024 02:00,3115
17/04/2024 03:00,2311
17/04/2024 04:00,1997
17/04/2024 05:00,2547
17/04/2024 06:00,4056
17/04/2024 07:00,4827
17/04/2024 08:00,6329
17/04/2024 09:00,6882
17/04/2024 10:00,722
17/04/2024 11:00,751
17/04/2024 12:00,7639
17/04/2024 13:00,850
17/04/2024 14:00,10823
17/04/2024 15:00,11348
17/04/2024 16:00,1161
17/04/2024 17:00,10376
17/04/2024 18:00,11027
17/04/2024 19:00,12327
17/04/2024 20:00,1350
17/04/2024 21:00,14398
17/04/2024 22:00,13337
17/04/2024 23:00,11523
18/04/2024 00:00,6932
18/04/2024 01:00,4751
18/04/2024 02:00,3275
18/04/2024 03:00,2444
18/04/2024 04:00,1867
18/04/2024 05:00,2378
18/04/2024 06:00,3925
18/04/2024 07:00,4577
18/04/2024 08:00,6088
18/04/2024 09:00,6894
18/04/2024 10:00,7413
18/04/2024 11:00,7689
18/04/2024 12:00,7729
18/04/2024 13:00,8285
18/04/2024 14:00,9274
18/04/2024 15:00,9805
18/04/2024 16:00,9762
18/04/2024 17:00,10141
18/04/2024 18:00,11401
18/04/2024 19:00,12733
18/04/2024 20:00,14148
18/04/2024 21:00,14881
18/04/2024 22:00,1359
18/04/2024 23:00,11493
19/04/2024 00:00,685
19/04/2024 01:00,4787
19/04/2024 02:00,3234
19/04/2024 03:00,2276
19/04/2024 04:00,1824
19/04/2024 05:00,2357
19/04/2024 06:00,3813
19/04/2024 07:00,4493
19/04/2024 08:00,6128
19/04/2024 09:00,6801
19/04/2024 10:00,7506
19/04/2024 11:00,7833
19/04/2024 12:00,7844
19/04/2024 13:00,815
19/04/2024 14:00,8699
19/04/2024 15:00,9543
19/04/2024 16:00,9983
19/04/2024 17:00,10193
19/04/2024 18:00,11029
19/04/2024 19:00,12266
19/04/2024 20:00,13356
19/04/2024 21:00,14347
19/04/2024 22:00,13428
19/04/2024 23:00,11729
20/04/2024 00:00,7212
20/04/2024 01:00,5218
20/04/2024 02:00,3642
20/04/2024 03:00,1607
20/04/2024 04:00,2112
20/04/2024 05:00,227
20/04/2024 06:00,3446
20/04/2024 07:00,5099
20/04/2024 08:00,7071
20/04/2024 09:00,7973
20/04/2024 10:00,8747
20/04/2024 11:00,9574
20/04/2024 12:00,10036
20/04/2024 13:00,10028
20/04/2024 14:00,9877
20/04/2024 15:00,10297
20/04/2024 16:00,1037
20/04/2024 17:00,10797
20/04/2024 18:00,11392
20/04/2024 19:00,12323
20/04/2024 20:00,13192
20/04/2024 21:00,13837
20/04/2024 22:00,1319
20/04/2024 23:00,11787
21/04/2024 00:00,7671
21/04/2024 01:00,5749
21/04/2024 02:00,4036
21/04/2024 03:00,2925
21/04/2024 04:00,2292
21/04/2024 05:00,2135
21/04/2024 06:00,3017
21/04/2024 07:00,4732
21/04/2024 08:00,6784
21/04/2024 09:00,8108
21/04/2024 10:00,9237
21/04/2024 11:00,10187
21/04/2024 12:00,10738
21/04/2024 13:00,10317
21/04/2024 14:00,11785
21/04/2024 15:00,11711
21/04/2024 16:00,11438
21/04/2024 17:00,11453
21/04/2024 18:00,12113
21/04/2024 19:00,12827
21/04/2024 20:00,13645
21/04/2024 21:00,14287
21/04/2024 22:00,13432
21/04/2024 23:00,11718
22/04/2024 00:00,7092
22/04/2024 01:00,4927
22/04/2024 02:00,3269
22/04/2024 03:00,2401
22/04/2024 04:00,1956
22/04/2024 05:00,2281
22/04/2024 06:00,3758
22/04/2024 07:00,4624
22/04/2024 08:00,6147
22/04/2024 09:00,7041
22/04/2024 10:00,7388
22/04/2024 11:00,7879
22/04/2024 12:00,7862
22/04/2024 13:00,8446
22/04/2024 14:00,8767
22/04/2024 15:00,935
22/04/2024 16:00,9593
22/04/2024 17:00,10118
22/04/2024 18:00,1090
22/04/2024 19:00,12369
22/04/2024 20:00,13508
22/04/2024 21:00,14254
22/04/2024 22:00,13193
22/04/2024 23:00,1145
23/04/2024 00:00,700
23/04/2024 01:00,4721
23/04/2024 02:00,3087
23/04/2024 03:00,2272
23/04/2024 04:00,2013
23/04/2024 05:00,243
23/04/2024 06:00,3793
23/04/2024 07:00,4737
23/04/2024 08:00,6452
23/04/2024 09:00,7179
23/04/2024 10:00,775
23/04/2024 11:00,7861
23/04/2024 12:00,814
23/04/2024 13:00,887
23/04/2024 14:00,9386
23/04/2024 15:00,10013
23/04/2024 16:00,10025
23/04/2024 17:00,10674
23/04/2024 18:00,11577
23/04/2024 19:00,14412
23/04/2024 20:00,15912
23/04/2024 21:00,16484
23/04/2024 22:00,13862
23/04/2024 23:00,12041
24/04/2024 00:00,7055
24/04/2024 01:00,4869
24/04/2024 02:00,3199
24/04/2024 03:00,2411
24/04/2024 04:00,2026
24/04/2024 05:00,2597
24/04/2024 06:00,3926
24/04/2024 07:00,4901
24/04/2024 08:00,6442
24/04/2024 09:00,7289
24/04/2024 10:00,7677
24/04/2024 11:00,7764
24/04/2024 12:00,7837
24/04/2024 13:00,8601
24/04/2024 14:00,9442
24/04/2024 15:00,10225
24/04/2024 16:00,10014
24/04/2024 17:00,11134
24/04/2024 18:00,12179
24/04/2024 19:00,12906
24/04/2024 20:00,1414
24/04/2024 21:00,14848
24/04/2024 22:00,13647
24/04/2024 23:00,11819
25/04/2024 00:00,7201
25/04/2024 01:00,4929
25/04/2024 02:00,3229
25/04/2024 03:00,2286
25/04/2024 04:00,201
25/04/2024 05:00,2624
25/04/2024 06:00,3964
25/04/2024 07:00,4875
25/04/2024 08:00,6442
25/04/2024 09:00,7278
25/04/2024 10:00,7664
25/04/2024 11:00,7756
25/04/2024 12:00,7843
25/04/2024 13:00,8543
25/04/2024 14:00,9216
25/04/2024 15:00,9805
25/04/2024 16:00,9848
25/04/2024 17:00,10451
25/04/2024 18:00,11451
25/04/2024 19:00,1288
25/04/2024 20:00,13991
25/04/2024 21:00,14515
25/04/2024 22:00,13577
25/04/2024 23:00,11789
26/04/2024 00:00,7132
26/04/2024 01:00,4962
26/04/2024 02:00,3251
26/04/2024 03:00,2295
26/04/2024 04:00,1931
26/04/2024 05:00,2379
26/04/2024 06:00,3949
26/04/2024 07:00,4681
26/04/2024 08:00,6381
26/04/2024 09:00,7132
26/04/2024 10:00,7807
26/04/2024 11:00,8112
26/04/2024 12:00,8076
26/04/2024 13:00,8489
26/04/2024 14:00,9274
26/04/2024 15:00,995
26/04/2024 16:00,9933
26/04/2024 17:00,10477
26/04/2024 18:00,11256
26/04/2024 19:00,12439
26/04/2024 20:00,13545
26/04/2024 21:00,14336
26/04/2024 22:00,13594
26/04/2024 23:00,11967
27/04/2024 00:00,7698
27/04/2024 01:00,5571
27/04/2024 02:00,3725
27/04/2024 03:00,2588
27/04/2024 04:00,2182
27/04/2024 05:00,2444
27/04/2024 06:00,3967
27/04/2024 07:00,5488
27/04/2024 08:00,7161
27/04/2024 09:00,8274
27/04/2024 10:00,8774
27/04/2024 11:00,9155
27/04/2024 12:00,9339
27/04/2024 13:00,9606
27/04/2024 14:00,9962
27/04/2024 15:00,10449
27/04/2024 16:00,10456
27/04/2024 17:00,10919
27/04/2024 18:00,11721
27/04/2024 19:00,12524
27/04/2024 20:00,13226
27/04/2024 21:00,13842
27/04/2024 22:00,13155
27/04/2024 23:00,11747
28/04/2024 00:00,7692
28/04/2024 01:00,5762
28/04/2024 02:00,4031
28/04/2024 03:00,2857
28/04/2024 04:00,2196
28/04/2024 05:00,2179
28/04/2024 06:00,3521
28/04/2024 07:00,5169
28/04/2024 08:00,7073
28/04/2024 09:00,8179
28/04/2024 10:00,9078
28/04/2024 11:00,9716
28/04/2024 12:00,10085
28/04/2024 13:00,10161
28/04/2024 14:00,1017
28/04/2024 15:00,10738
28/04/2024 16:00,11297
28/04/2024 17:00,1197
28/04/2024 18:00,12822
28/04/2024 19:00,13432
28/04/2024 20:00,14042
28/04/2024 21:00,14678
28/04/2024 22:00,13479
28/04/2024 23:00,1166
29/04/2024 00:00,7053
29/04/2024 01:00,4812
29/04/2024 02:00,3154
29/04/2024 03:00,2305
29/04/2024 04:00,198
29/04/2024 05:00,2382
29/04/2024 06:00,3572
29/04/2024 07:00,4609
29/04/2024 08:00,632
29/04/2024 09:00,7001
29/04/2024 10:00,7252
29/04/2024 11:00,7528
29/04/2024 12:00,7794
29/04/2024 13:00,8668
29/04/2024 14:00,8992
29/04/2024 15:00,9595
29/04/2024 16:00,9836
29/04/2024 17:00,10213
29/04/2024 18:00,11251
29/04/2024 19:00,12656
29/04/2024 20:00,14638
29/04/2024 21:00,16236
29/04/2024 22:00,14633
29/04/2024 23:00,11883
30/04/2024 00:00,7069
30/04/2024 01:00,4838
30/04/2024 02:00,3181
30/04/2024 03:00,2379
30/04/2024 04:00,2392
30/04/2024 05:00,2647
30/04/2024 06:00,4117
30/04/2024 07:00,5005
30/04/2024 08:00,6364
30/04/2024 09:00,7134
30/04/2024 10:00,7591
30/04/2024 11:00,7819
30/04/2024 12:00,7897
30/04/2024 13:00,8599
30/04/2024 14:00,1047
30/04/2024 15:00,11419
30/04/2024 16:00,9922
30/04/2024 17:00,10253
30/04/2024 18:00,11163
30/04/2024 19:00,12538
30/04/2024 20:00,13502
30/04/2024 21:00,14187
30/04/2024 22:00,13373
30/04/2024 23:00,11926
1/05/2024 00:00,7763
1/05/2024 01:00,5646
1/05/2024 02:00,3861
1/05/2024 03:00,2864
1/05/2024 04:00,2356
1/05/2024 05:00,2475
1/05/2024 06:00,3979
1/05/2024 07:00,5529
1/05/2024 08:00,7237
1/05/2024 09:00,8629
1/05/2024 10:00,9753
1/05/2024 11:00,1048
1/05/2024 12:00,10606
1/05/2024 13:00,10461
1/05/2024 14:00,11545
1/05/2024 15:00,12145
1/05/2024 16:00,1110
1/05/2024 17:00,11436
1/05/2024 18:00,12151
1/05/2024 19:00,13017
1/05/2024 20:00,13806
1/05/2024 21:00,14808
1/05/2024 22:00,13403
1/05/2024 23:00,11723
2/05/2024 00:00,7147
2/05/2024 01:00,5042
2/05/2024 02:00,3442
2/05/2024 03:00,2439
2/05/2024 04:00,2086
2/05/2024 05:00,2582
2/05/2024 06:00,3897
2/05/2024 07:00,4676
2/05/2024 08:00,6192
2/05/2024 09:00,6726
2/05/2024 10:00,7307
2/05/2024 11:00,7587
2/05/2024 12:00,7763
2/05/2024 13:00,8674
2/05/2024 14:00,9238
2/05/2024 15:00,9757
2/05/2024 16:00,9549
2/05/2024 17:00,9996
2/05/2024 18:00,10952
2/05/2024 19:00,12218
2/05/2024 20:00,13491
2/05/2024 21:00,14297
2/05/2024 22:00,13356
2/05/2024 23:00,11628
3/05/2024 00:00,7074
3/05/2024 01:00,4849
3/05/2024 02:00,3234
3/05/2024 03:00,2504
3/05/2024 04:00,219
3/05/2024 05:00,2502
3/05/2024 06:00,3762
3/05/2024 07:00,4489
3/05/2024 08:00,6176
3/05/2024 09:00,6903
3/05/2024 10:00,7429
3/05/2024 11:00,7913
3/05/2024 12:00,8144
3/05/2024 13:00,8777
3/05/2024 14:00,9285
3/05/2024 15:00,11179
3/05/2024 16:00,11783
3/05/2024 17:00,10826
3/05/2024 18:00,11493
3/05/2024 19:00,12509
3/05/2024 20:00,14642
3/05/2024 21:00,15548
3/05/2024 22:00,15007
3/05/2024 23:00,12086
4/05/2024 00:00,7675
4/05/2024 01:00,5447
4/05/2024 02:00,3637
4/05/2024 03:00,2693
4/05/2024 04:00,2385
4/05/2024 05:00,2504
4/05/2024 06:00,3491
4/05/2024 07:00,5082
4/05/2024 08:00,693
4/05/2024 09:00,8136
4/05/2024 10:00,8924
4/05/2024 11:00,9539
4/05/2024 12:00,9954
4/05/2024 13:00,9966
4/05/2024 14:00,977
4/05/2024 15:00,10314
4/05/2024 16:00,10588
4/05/2024 17:00,11074
4/05/2024 18:00,11965
4/05/2024 19:00,12926
4/05/2024 20:00,1387
4/05/2024 21:00,14454
4/05/2024 22:00,13574
4/05/2024 23:00,12285
5/05/2024 00:00,8016
5/05/2024 01:00,5932
5/05/2024 02:00,4065
5/05/2024 03:00,2972
5/05/2024 04:00,2331
5/05/2024 05:00,2146
5/05/2024 06:00,2988
5/05/2024 07:00,4607
5/05/2024 08:00,6704
5/05/2024 09:00,7923
5/05/2024 10:00,8905
5/05/2024 11:00,10381
5/05/2024 12:00,10949
5/05/2024 13:00,10563
5/05/2024 14:00,10179
5/05/2024 15:00,10941
5/05/2024 16:00,11351
5/05/2024 17:00,11613
5/05/2024 18:00,12195
5/05/2024 19:00,12959
5/05/2024 20:00,13903
5/05/2024 21:00,14548
5/05/2024 22:00,1361
5/05/2024 23:00,11866
6/05/2024 00:00,7166
6/05/2024 01:00,4876
6/05/2024 02:00,3241
6/05/2024 03:00,2349
6/05/2024 04:00,1932
6/05/2024 05:00,2269
6/05/2024 06:00,3511
6/05/2024 07:00,4326
6/05/2024 08:00,6156
6/05/2024 09:00,7196
6/05/2024 10:00,7493
6/05/2024 11:00,8023
6/05/2024 12:00,8087
6/05/2024 13:00,8597
6/05/2024 14:00,9152
6/05/2024 15:00,10002
6/05/2024 16:00,9914
6/05/2024 17:00,10402
6/05/2024 18:00,11376
6/05/2024 19:00,12655
6/05/2024 20:00,14085
6/05/2024 21:00,14922
6/05/2024 22:00,1397
6/05/2024 23:00,11838
7/05/2024 00:00,7165
7/05/2024 01:00,498
7/05/2024 02:00,3236
7/05/2024 03:00,2328
7/05/2024 04:00,2015
7/05/2024 05:00,2409
7/05/2024 06:00,3795
7/05/2024 07:00,4823
7/05/2024 08:00,6439
7/05/2024 09:00,7123
7/05/2024 10:00,759
7/05/2024 11:00,7939
7/05/2024 12:00,8104
7/05/2024 13:00,8781
7/05/2024 14:00,11014
7/05/2024 15:00,12366
7/05/2024 16:00,10449
7/05/2024 17:00,10491
7/05/2024 18:00,1138
7/05/2024 19:00,12786
7/05/2024 20:00,14034
7/05/2024 21:00,16429
7/05/2024 22:00,15075
7/05/2024 23:00,12161
8/05/2024 00:00,7267
8/05/2024 01:00,500
8/05/2024 02:00,3344
8/05/2024 03:00,2505
8/05/2024 04:00,2046
8/05/2024 05:00,2497
8/05/2024 06:00,3774
8/05/2024 07:00,4636
8/05/2024 08:00,6419
8/05/2024 09:00,7143
8/05/2024 10:00,7573
8/05/2024 11:00,7907
8/05/2024 12:00,7992
8/05/2024 13:00,8715
8/05/2024 14:00,10592
8/05/2024 15:00,12719
8/05/2024 16:00,11484
8/05/2024 17:00,10344
8/05/2024 18:00,11166
8/05/2024 19:00,13605
8/05/2024 20:00,15434
8/05/2024 21:00,15041
8/05/2024 22:00,13721
8/05/2024 23:00,11928
9/05/2024 00:00,7288
9/05/2024 01:00,499
9/05/2024 02:00,3299
9/05/2024 03:00,2414
9/05/2024 04:00,1919
9/05/2024 05:00,2411
9/05/2024 06:00,3897
9/05/2024 07:00,4855
9/05/2024 08:00,6426
9/05/2024 09:00,7371
9/05/2024 10:00,7437
9/05/2024 11:00,7751
9/05/2024 12:00,7836
9/05/2024 13:00,8455
9/05/2024 14:00,9515
9/05/2024 15:00,10382
9/05/2024 16:00,9913
9/05/2024 17:00,10312
9/05/2024 18:00,11186
9/05/2024 19:00,12556
9/05/2024 20:00,13961
9/05/2024 21:00,14644
9/05/2024 22:00,13607
9/05/2024 23:00,11854
10/05/2024 00:00,7421
10/05/2024 01:00,5124
10/05/2024 02:00,3408
10/05/2024 03:00,2393
10/05/2024 04:00,2012
10/05/2024 05:00,2447
10/05/2024 06:00,3749
10/05/2024 07:00,4786
10/05/2024 08:00,6443
10/05/2024 09:00,7135
10/05/2024 10:00,7478
10/05/2024 11:00,8096
10/05/2024 12:00,8411
10/05/2024 13:00,8703
10/05/2024 14:00,9235
10/05/2024 15:00,9661
10/05/2024 16:00,9713
10/05/2024 17:00,10106
10/05/2024 18:00,11023
10/05/2024 19:00,12113
10/05/2024 20:00,13247
10/05/2024 21:00,1398
10/05/2024 22:00,13221
10/05/2024 23:00,11892
11/05/2024 00:00,7638
11/05/2024 01:00,5609
11/05/2024 02:00,3724
11/05/2024 03:00,2649
11/05/2024 04:00,2315
11/05/2024 05:00,2404
11/05/2024 06:00,3454
11/05/2024 07:00,5262
11/05/2024 08:00,6954
11/05/2024 09:00,8064
11/05/2024 10:00,8741
11/05/2024 11:00,9352
11/05/2024 12:00,9652
11/05/2024 13:00,9401
11/05/2024 14:00,9568
11/05/2024 15:00,9979
11/05/2024 16:00,1002
11/05/2024 17:00,10495
11/05/2024 18:00,11735
11/05/2024 19:00,12378
11/05/2024 20:00,13192
11/05/2024 21:00,13704
11/05/2024 22:00,13098
11/05/2024 23:00,11969
12/05/2024 00:00,7827
12/05/2024 01:00,5904
12/05/2024 02:00,4163
12/05/2024 03:00,2936
12/05/2024 04:00,2261
12/05/2024 05:00,224
12/05/2024 06:00,3279
12/05/2024 07:00,4831
12/05/2024 08:00,679
12/05/2024 09:00,7767
12/05/2024 10:00,8657
12/05/2024 11:00,937
12/05/2024 12:00,9578
12/05/2024 13:00,889
12/05/2024 14:00,8775
12/05/2024 15:00,9149
12/05/2024 16:00,9443
12/05/2024 17:00,1039
12/05/2024 18:00,1171
12/05/2024 19:00,12623
12/05/2024 20:00,13481
12/05/2024 21:00,14197
12/05/2024 22:00,13336
12/05/2024 23:00,11712
13/05/2024 00:00,7232
13/05/2024 01:00,4976
13/05/2024 02:00,3319
13/05/2024 03:00,235
13/05/2024 04:00,1847
13/05/2024 05:00,2077
13/05/2024 06:00,3221
13/05/2024 07:00,4643
13/05/2024 08:00,6478
13/05/2024 09:00,7774
13/05/2024 10:00,8146
13/05/2024 11:00,873
13/05/2024 12:00,8983
13/05/2024 13:00,9142
13/05/2024 14:00,9927
13/05/2024 15:00,10291
13/05/2024 16:00,10286
13/05/2024 17:00,10636
13/05/2024 18:00,11301
13/05/2024 19:00,12913
13/05/2024 20:00,13817
13/05/2024 21:00,14738
13/05/2024 22:00,13624
13/05/2024 23:00,11916
14/05/2024 00:00,7339
14/05/2024 01:00,5086
14/05/2024 02:00,3258
14/05/2024 03:00,2362
14/05/2024 04:00,2154
14/05/2024 05:00,2473
14/05/2024 06:00,391
14/05/2024 07:00,5119
14/05/2024 08:00,6799
14/05/2024 09:00,7608
14/05/2024 10:00,7899
14/05/2024 11:00,8207
14/05/2024 12:00,8713
14/05/2024 13:00,9149
14/05/2024 14:00,10414
14/05/2024 15:00,11131
14/05/2024 16:00,10525
14/05/2024 17:00,10928
14/05/2024 18:00,1186
14/05/2024 19:00,13043
14/05/2024 20:00,14214
14/05/2024 21:00,15246
14/05/2024 22:00,14019
14/05/2024 23:00,12088
15/05/2024 00:00,7378
15/05/2024 01:00,5022
15/05/2024 02:00,3344
15/05/2024 03:00,2121
15/05/2024 04:00,1873
15/05/2024 05:00,2234
15/05/2024 06:00,3649
15/05/2024 07:00,493
15/05/2024 08:00,6849
15/05/2024 09:00,7636
15/05/2024 10:00,8112
15/05/2024 11:00,8639
15/05/2024 12:00,8533
15/05/2024 13:00,9208
15/05/2024 14:00,10201
15/05/2024 15:00,10476
15/05/2024 16:00,1006
15/05/2024 17:00,10759
15/05/2024 18:00,11763
15/05/2024 19:00,1487
15/05/2024 20:00,16402
15/05/2024 21:00,15643
15/05/2024 22:00,14225
15/05/2024 23:00,12294
16/05/2024 00:00,7507
16/05/2024 01:00,5239
16/05/2024 02:00,3612
16/05/2024 03:00,268
16/05/2024 04:00,2303
16/05/2024 05:00,2594
16/05/2024 06:00,3812
16/05/2024 07:00,4783
16/05/2024 08:00,6547
16/05/2024 09:00,7443
16/05/2024 10:00,7997
16/05/2024 11:00,8503
16/05/2024 12:00,8758
16/05/2024 13:00,9556
16/05/2024 14:00,10033
16/05/2024 15:00,10196
16/05/2024 16:00,10326
16/05/2024 17:00,12426
16/05/2024 18:00,1353
16/05/2024 19:00,13153
16/05/2024 20:00,14351
16/05/2024 21:00,15125
16/05/2024 22:00,14105
16/05/2024 23:00,12383
17/05/2024 00:00,7698
17/05/2024 01:00,5488
17/05/2024 02:00,3629
17/05/2024 03:00,2797
17/05/2024 04:00,2373
17/05/2024 05:00,272
17/05/2024 06:00,3839
17/05/2024 07:00,4851
17/05/2024 08:00,6542
17/05/2024 09:00,7543
17/05/2024 10:00,7971
17/05/2024 11:00,8578
17/05/2024 12:00,870
17/05/2024 13:00,926
17/05/2024 14:00,9789
17/05/2024 15:00,10179
17/05/2024 16:00,10046
17/05/2024 17:00,10537
17/05/2024 18:00,11275
17/05/2024 19:00,12705
17/05/2024 20:00,13792
17/05/2024 21:00,14757
17/05/2024 22:00,13739
17/05/2024 23:00,12225
18/05/2024 00:00,789
18/05/2024 01:00,5808
18/05/2024 02:00,3952
18/05/2024 03:00,2904
18/05/2024 04:00,2509
18/05/2024 05:00,2437
18/05/2024 06:00,3648
18/05/2024 07:00,5185
18/05/2024 08:00,7123
18/05/2024 09:00,8191
18/05/2024 10:00,8979
18/05/2024 11:00,9392
18/05/2024 12:00,9637
18/05/2024 13:00,9645
18/05/2024 14:00,9961
18/05/2024 15:00,10543
18/05/2024 16:00,10677
18/05/2024 17:00,1115
18/05/2024 18:00,11689
18/05/2024 19:00,1268
18/05/2024 20:00,13364
18/05/2024 21:00,14273
18/05/2024 22:00,13442
18/05/2024 23:00,11951
19/05/2024 00:00,7789
19/05/2024 01:00,5885
19/05/2024 02:00,4177
19/05/2024 03:00,2937
19/05/2024 04:00,2254
19/05/2024 05:00,2301
19/05/2024 06:00,3314
19/05/2024 07:00,4921
19/05/2024 08:00,700
19/05/2024 09:00,8057
19/05/2024 10:00,8916
19/05/2024 11:00,10759
19/05/2024 12:00,10553
19/05/2024 13:00,10437
19/05/2024 14:00,10495
19/05/2024 15:00,10944
19/05/2024 16:00,11295
19/05/2024 17:00,12218
19/05/2024 18:00,12887
19/05/2024 19:00,13766
19/05/2024 20:00,15857
19/05/2024 21:00,16647
19/05/2024 22:00,1447
19/05/2024 23:00,12164
20/05/2024 00:00,7407
20/05/2024 01:00,5079
20/05/2024 02:00,3336
20/05/2024 03:00,233
20/05/2024 04:00,1919
20/05/2024 05:00,2223
20/05/2024 06:00,3439
20/05/2024 07:00,4361
20/05/2024 08:00,6132
20/05/2024 09:00,7072
20/05/2024 10:00,7532
20/05/2024 11:00,7866
20/05/2024 12:00,8134
20/05/2024 13:00,8803
20/05/2024 14:00,9128
20/05/2024 15:00,9715
20/05/2024 16:00,9961
20/05/2024 17:00,10462
20/05/2024 18:00,11363
20/05/2024 19:00,13038
20/05/2024 20:00,15137
20/05/2024 21:00,15933
20/05/2024 22:00,14303
20/05/2024 23:00,12002
21/05/2024 00:00,7388
21/05/2024 01:00,4976
21/05/2024 02:00,328
21/05/2024 03:00,2432
21/05/2024 04:00,2108
21/05/2024 05:00,2478
21/05/2024 06:00,3984
21/05/2024 07:00,4905
21/05/2024 08:00,6529
21/05/2024 09:00,7305
21/05/2024 10:00,7757
21/05/2024 11:00,803
21/05/2024 12:00,8106
21/05/2024 13:00,8708
21/05/2024 14:00,9214
21/05/2024 15:00,10059
21/05/2024 16:00,1007
21/05/2024 17:00,10494
21/05/2024 18:00,11592
21/05/2024 19:00,13092
21/05/2024 20:00,14088
21/05/2024 21:00,14854
21/05/2024 22:00,13936
21/05/2024 23:00,11837
22/05/2024 00:00,7111
22/05/2024 01:00,5151
22/05/2024 02:00,3429
22/05/2024 03:00,2417
22/05/2024 04:00,208
22/05/2024 05:00,2626
22/05/2024 06:00,3988
22/05/2024 07:00,4938
22/05/2024 08:00,6594
22/05/2024 09:00,7324
22/05/2024 10:00,7861
22/05/2024 11:00,8053
22/05/2024 12:00,7973
22/05/2024 13:00,8596
22/05/2024 14:00,9598
22/05/2024 15:00,10148
22/05/2024 16:00,10116
22/05/2024 17:00,10597
22/05/2024 18:00,11539
22/05/2024 19:00,13396
22/05/2024 20:00,14424
22/05/2024 21:00,15151
22/05/2024 22:00,14043
22/05/2024 23:00,11994
23/05/2024 00:00,7296
23/05/2024 01:00,5177
23/05/2024 02:00,3416
23/05/2024 03:00,253
23/05/2024 04:00,2486
23/05/2024 05:00,2623
23/05/2024 06:00,3926
23/05/2024 07:00,4834
23/05/2024 08:00,6598
23/05/2024 09:00,7387
23/05/2024 10:00,7954
23/05/2024 11:00,8142
23/05/2024 12:00,8172
23/05/2024 13:00,858
23/05/2024 14:00,9183
23/05/2024 15:00,9628
23/05/2024 16:00,10052
23/05/2024 17:00,10656
23/05/2024 18:00,11667
23/05/2024 19:00,12836
23/05/2024 20:00,13986
23/05/2024 21:00,14943
23/05/2024 22:00,13754
23/05/2024 23:00,11935
24/05/2024 00:00,7152
24/05/2024 01:00,5049
24/05/2024 02:00,3998
24/05/2024 03:00,3467
24/05/2024 04:00,2378
24/05/2024 05:00,2597
24/05/2024 06:00,3946
24/05/2024 07:00,5151
24/05/2024 08:00,6939
24/05/2024 09:00,8484
24/05/2024 10:00,8815
24/05/2024 11:00,9263
24/05/2024 12:00,9237
24/05/2024 13:00,9575
24/05/2024 14:00,10066
24/05/2024 15:00,10953
24/05/2024 16:00,11179
24/05/2024 17:00,11637
24/05/2024 18:00,12776
24/05/2024 19:00,14181
24/05/2024 20:00,14682
24/05/2024 21:00,15319
24/05/2024 22:00,14602
24/05/2024 23:00,12696
25/05/2024 00:00,8191
25/05/2024 01:00,5678
25/05/2024 02:00,3833
25/05/2024 03:00,2767
25/05/2024 04:00,2332
25/05/2024 05:00,2338
25/05/2024 06:00,343
25/05/2024 07:00,4948
25/05/2024 08:00,721
25/05/2024 09:00,862
25/05/2024 10:00,9561
25/05/2024 11:00,9786
25/05/2024 12:00,10203
25/05/2024 13:00,10238
25/05/2024 14:00,1078
25/05/2024 15:00,11978
25/05/2024 16:00,12522
25/05/2024 17:00,11584
25/05/2024 18:00,11889
25/05/2024 19:00,12729
25/05/2024 20:00,13796
25/05/2024 21:00,14356
25/05/2024 22:00,13595
25/05/2024 23:00,12333
26/05/2024 00:00,8154
26/05/2024 01:00,5808
26/05/2024 02:00,4117
26/05/2024 03:00,2977
26/05/2024 04:00,2376
26/05/2024 05:00,2155
26/05/2024 06:00,3146
26/05/2024 07:00,4722
26/05/2024 08:00,6878
26/05/2024 09:00,8194
26/05/2024 10:00,9157
26/05/2024 11:00,9767
26/05/2024 12:00,10006
26/05/2024 13:00,10073
26/05/2024 14:00,10546
26/05/2024 15:00,11114
26/05/2024 16:00,11065
26/05/2024 17:00,11867
26/05/2024 18:00,12514
26/05/2024 19:00,13209
26/05/2024 20:00,14135
26/05/2024 21:00,14894
26/05/2024 22:00,13833
26/05/2024 23:00,12075
27/05/2024 00:00,7272
27/05/2024 01:00,5097
27/05/2024 02:00,3364
27/05/2024 03:00,2295
27/05/2024 04:00,1881
27/05/2024 05:00,243
27/05/2024 06:00,3696
27/05/2024 07:00,4633
27/05/2024 08:00,6372
27/05/2024 09:00,7173
27/05/2024 10:00,7633
27/05/2024 11:00,7988
27/05/2024 12:00,790
27/05/2024 13:00,842
27/05/2024 14:00,8971
27/05/2024 15:00,9518
27/05/2024 16:00,9902
27/05/2024 17:00,10526
27/05/2024 18:00,1129
27/05/2024 19:00,12616
27/05/2024 20:00,13764
27/05/2024 21:00,1464
27/05/2024 22:00,13493
27/05/2024 23:00,11771
28/05/2024 00:00,710
28/05/2024 01:00,4807
28/05/2024 02:00,3142
28/05/2024 03:00,2289
28/05/2024 04:00,1908
28/05/2024 05:00,2298
28/05/2024 06:00,3745
28/05/2024 07:00,4883
28/05/2024 08:00,6342
28/05/2024 09:00,7027
28/05/2024 10:00,7478
28/05/2024 11:00,7873
28/05/2024 12:00,8112
28/05/2024 13:00,8537
28/05/2024 14:00,9095
28/05/2024 15:00,9578
28/05/2024 16:00,9935
28/05/2024 17:00,1097
28/05/2024 18:00,12118
28/05/2024 19:00,12643
28/05/2024 20:00,13753
28/05/2024 21:00,14494
28/05/2024 22:00,13551
28/05/2024 23:00,11587
29/05/2024 00:00,7107
29/05/2024 01:00,4981
29/05/2024 02:00,3274
29/05/2024 03:00,2417
29/05/2024 04:00,2278
29/05/2024 05:00,2406
29/05/2024 06:00,368
29/05/2024 07:00,4481
29/05/2024 08:00,6109
29/05/2024 09:00,7218
29/05/2024 10:00,7637
29/05/2024 11:00,7974
29/05/2024 12:00,8018
29/05/2024 13:00,8809
29/05/2024 14:00,9037
29/05/2024 15:00,9733
29/05/2024 16:00,10018
29/05/2024 17:00,10562
29/05/2024 18:00,11664
29/05/2024 19:00,14043
29/05/2024 20:00,15094
29/05/2024 21:00,15852
29/05/2024 22:00,13554
29/05/2024 23:00,11709
30/05/2024 00:00,720
30/05/2024 01:00,4997
30/05/2024 02:00,3361
30/05/2024 03:00,2531
30/05/2024 04:00,2433
30/05/2024 05:00,2801
30/05/2024 06:00,3902
30/05/2024 07:00,4894
30/05/2024 08:00,6308
30/05/2024 09:00,7151
30/05/2024 10:00,7654
30/05/2024 11:00,8027
30/05/2024 12:00,8041
30/05/2024 13:00,855
30/05/2024 14:00,9194
30/05/2024 15:00,9874
30/05/2024 16:00,9975
30/05/2024 17:00,10648
30/05/2024 18:00,11684
30/05/2024 19:00,12889
30/05/2024 20:00,13866
30/05/2024 21:00,14498
30/05/2024 22:00,13338
30/05/2024 23:00,11489
31/05/2024 00:00,7077
31/05/2024 01:00,5027
31/05/2024 02:00,3362
31/05/2024 03:00,254
31/05/2024 04:00,2331
31/05/2024 05:00,2689
31/05/2024 06:00,3833
31/05/2024 07:00,4645
31/05/2024 08:00,6481
31/05/2024 09:00,7233
31/05/2024 10:00,7764
31/05/2024 11:00,8135
31/05/2024 12:00,8216
31/05/2024 13:00,8785
31/05/2024 14:00,9191
31/05/2024 15:00,9773
31/05/2024 16:00,9947
31/05/2024 17:00,1034
31/05/2024 18:00,11298
31/05/2024 19:00,12615
31/05/2024 20:00,13456
31/05/2024 21:00,1459
31/05/2024 22:00,13873
31/05/2024 23:00,12362
1/06/2024 00:00,7916
1/06/2024 01:00,5729
1/06/2024 02:00,3836
1/06/2024 03:00,2761
1/06/2024 04:00,2401
1/06/2024 05:00,2438
1/06/2024 06:00,3302
1/06/2024 07:00,5134
1/06/2024 08:00,7262
1/06/2024 09:00,826
1/06/2024 10:00,9017
1/06/2024 11:00,9753
1/06/2024 12:00,10037
1/06/2024 13:00,10911
1/06/2024 14:00,12857
1/06/2024 15:00,13301
1/06/2024 16:00,12403
1/06/2024 17:00,11621
1/06/2024 18:00,12216
1/06/2024 19:00,13195
1/06/2024 20:00,13726
1/06/2024 21:00,14617
1/06/2024 22:00,13927
1/06/2024 23:00,12566
2/06/2024 00:00,8428
2/06/2024 01:00,6123
2/06/2024 02:00,4352
2/06/2024 03:00,3058
2/06/2024 04:00,2536
2/06/2024 05:00,233
2/06/2024 06:00,3028
2/06/2024 07:00,468
2/06/2024 08:00,6804
2/06/2024 09:00,8162
2/06/2024 10:00,9063
2/06/2024 11:00,9924
2/06/2024 12:00,10668
2/06/2024 13:00,10817
2/06/2024 14:00,10788
2/06/2024 15:00,1158
2/06/2024 16:00,11734
2/06/2024 17:00,12461
2/06/2024 18:00,1311
2/06/2024 19:00,1364
2/06/2024 20:00,14712
2/06/2024 21:00,1535
2/06/2024 22:00,14087
2/06/2024 23:00,12477
3/06/2024 00:00,7621
3/06/2024 01:00,5303
3/06/2024 02:00,3518
3/06/2024 03:00,2452
3/06/2024 04:00,2163
3/06/2024 05:00,2453
3/06/2024 06:00,356
3/06/2024 07:00,478
3/06/2024 08:00,6484
3/06/2024 09:00,7248
3/06/2024 10:00,7751
3/06/2024 11:00,8361
3/06/2024 12:00,8448
3/06/2024 13:00,9025
3/06/2024 14:00,9268
3/06/2024 15:00,9947
3/06/2024 16:00,10036
3/06/2024 17:00,10622
3/06/2024 18:00,1180
3/06/2024 19:00,12965
3/06/2024 20:00,14082
3/06/2024 21:00,14959
3/06/2024 22:00,14023
3/06/2024 23:00,12098
4/06/2024 00:00,7448
4/06/2024 01:00,5188
4/06/2024 02:00,3494
4/06/2024 03:00,2499
4/06/2024 04:00,2177
4/06/2024 05:00,2426
4/06/2024 06:00,3656
4/06/2024 07:00,474
4/06/2024 08:00,6488
4/06/2024 09:00,7219
4/06/2024 10:00,759
4/06/2024 11:00,7944
4/06/2024 12:00,8132
4/06/2024 13:00,8855
4/06/2024 14:00,9318
4/06/2024 15:00,986
4/06/2024 16:00,10115
4/06/2024 17:00,10722
4/06/2024 18:00,11905
4/06/2024 19:00,1311
4/06/2024 20:00,14139
4/06/2024 21:00,17445
4/06/2024 22:00,14893
4/06/2024 23:00,12199
5/06/2024 00:00,7483
5/06/2024 01:00,529
5/06/2024 02:00,3545
5/06/2024 03:00,2593
5/06/2024 04:00,2168
5/06/2024 05:00,2394
5/06/2024 06:00,3885
5/06/2024 07:00,4896
5/06/2024 08:00,6534
5/06/2024 09:00,7417
5/06/2024 10:00,7871
5/06/2024 11:00,809
5/06/2024 12:00,8167
5/06/2024 13:00,8633
5/06/2024 14:00,941
5/06/2024 15:00,10097
5/06/2024 16:00,1023
5/06/2024 17:00,10722
5/06/2024 18:00,1190
5/06/2024 19:00,13288
5/06/2024 20:00,14287
5/06/2024 21:00,15119
5/06/2024 22:00,1403
5/06/2024 23:00,12183
6/06/2024 00:00,7518
6/06/2024 01:00,5357
6/06/2024 02:00,356
6/06/2024 03:00,248
6/06/2024 04:00,2042
6/06/2024 05:00,2604
6/06/2024 06:00,3995
6/06/2024 07:00,492
6/06/2024 08:00,6738
6/06/2024 09:00,755
6/06/2024 10:00,787
6/06/2024 11:00,8202
6/06/2024 12:00,8169
6/06/2024 13:00,8822
6/06/2024 14:00,9617
6/06/2024 15:00,10249
6/06/2024 16:00,10564
6/06/2024 17:00,11148
6/06/2024 18:00,12225
6/06/2024 19:00,1357
6/06/2024 20:00,14591
6/06/2024 21:00,15453
6/06/2024 22:00,14555
6/06/2024 23:00,12967
7/06/2024 00:00,8369
7/06/2024 01:00,6095
7/06/2024 02:00,4047
7/06/2024 03:00,2848
7/06/2024 04:00,2218
7/06/2024 05:00,2299
7/06/2024 06:00,3395
7/06/2024 07:00,5308
7/06/2024 08:00,7632
7/06/2024 09:00,8934
7/06/2024 10:00,9976
7/06/2024 11:00,1071
7/06/2024 12:00,10911
7/06/2024 13:00,11095
7/06/2024 14:00,11351
7/06/2024 15:00,1171
7/06/2024 16:00,11554
7/06/2024 17:00,12262
7/06/2024 18:00,12933
7/06/2024 19:00,14019
7/06/2024 20:00,14629
7/06/2024 21:00,15437
7/06/2024 22:00,15126
7/06/2024 23:00,13287
8/06/2024 00:00,8681
8/06/2024 01:00,6288
8/06/2024 02:00,4259
8/06/2024 03:00,3013
8/06/2024 04:00,2486
8/06/2024 05:00,2488
8/06/2024 06:00,3602
8/06/2024 07:00,5315
8/06/2024 08:00,7402
8/06/2024 09:00,8542
8/06/2024 10:00,9317
8/06/2024 11:00,9866
8/06/2024 12:00,10307
8/06/2024 13:00,10361
8/06/2024 14:00,10738
8/06/2024 15:00,11286
8/06/2024 16:00,11634
8/06/2024 17:00,12187
8/06/2024 18:00,13175
8/06/2024 19:00,13484
8/06/2024 20:00,14861
8/06/2024 21:00,15533
8/06/2024 22:00,14681
8/06/2024 23:00,13209
9/06/2024 00:00,8961
9/06/2024 01:00,6808
9/06/2024 02:00,4573
9/06/2024 03:00,309
9/06/2024 04:00,2327
9/06/2024 05:00,2293
9/06/2024 06:00,3143
9/06/2024 07:00,4734
9/06/2024 08:00,7076
9/06/2024 09:00,8406
9/06/2024 10:00,9522
9/06/2024 11:00,10372
9/06/2024 12:00,1072
9/06/2024 13:00,10887
9/06/2024 14:00,11688
9/06/2024 15:00,11841
9/06/2024 16:00,12009
9/06/2024 17:00,12624
9/06/2024 18:00,13436
9/06/2024 19:00,1427
9/06/2024 20:00,15145
9/06/2024 21:00,15905
9/06/2024 22:00,14716
9/06/2024 23:00,12881
10/06/2024 00:00,8036
10/06/2024 01:00,5547
10/06/2024 02:00,3641
10/06/2024 03:00,2525
10/06/2024 04:00,1996
10/06/2024 05:00,2277
10/06/2024 06:00,3553
10/06/2024 07:00,4459
10/06/2024 08:00,6268
10/06/2024 09:00,7201
10/06/2024 10:00,7798
10/06/2024 11:00,8305
10/06/2024 12:00,880
10/06/2024 13:00,9356
10/06/2024 14:00,10161
10/06/2024 15:00,10581
10/06/2024 16:00,10718
10/06/2024 17:00,11271
10/06/2024 18:00,12405
10/06/2024 19:00,13568
10/06/2024 20:00,14714
10/06/2024 21:00,15609
10/06/2024 22:00,14552
10/06/2024 23:00,1279
11/06/2024 00:00,801
11/06/2024 01:00,5504
11/06/2024 02:00,3685
11/06/2024 03:00,2589
11/06/2024 04:00,2541
11/06/2024 05:00,2668
11/06/2024 06:00,4004
11/06/2024 07:00,5001
11/06/2024 08:00,6681
11/06/2024 09:00,7535
11/06/2024 10:00,803
11/06/2024 11:00,8511
11/06/2024 12:00,8722
11/06/2024 13:00,930
11/06/2024 14:00,9907
11/06/2024 15:00,10537
11/06/2024 16:00,1077
11/06/2024 17:00,11294
11/06/2024 18:00,12504
11/06/2024 19:00,13974
11/06/2024 20:00,15087
11/06/2024 21:00,15722
11/06/2024 22:00,14478
11/06/2024 23:00,12703
12/06/2024 00:00,8039
12/06/2024 01:00,5564
12/06/2024 02:00,3716
12/06/2024 03:00,2716
12/06/2024 04:00,2339
12/06/2024 05:00,2716
12/06/2024 06:00,4043
12/06/2024 07:00,5059
12/06/2024 08:00,6847
12/06/2024 09:00,7629
12/06/2024 10:00,8075
12/06/2024 11:00,8477
12/06/2024 12:00,8518
12/06/2024 13:00,913
12/06/2024 14:00,9702
12/06/2024 15:00,10431
12/06/2024 16:00,10619
12/06/2024 17:00,11241
12/06/2024 18:00,12284
12/06/2024 19:00,13772
12/06/2024 20:00,14783
12/06/2024 21:00,15604
12/06/2024 22:00,14515
12/06/2024 23:00,12637
13/06/2024 00:00,808
13/06/2024 01:00,5636
13/06/2024 02:00,3772
13/06/2024 03:00,3049
13/06/2024 04:00,270
13/06/2024 05:00,2782
13/06/2024 06:00,4249
13/06/2024 07:00,5384
13/06/2024 08:00,7084
13/06/2024 09:00,8153
13/06/2024 10:00,8694
13/06/2024 11:00,9073
13/06/2024 12:00,9055
13/06/2024 13:00,9778
13/06/2024 14:00,11201
13/06/2024 15:00,11266
13/06/2024 16:00,11455
13/06/2024 17:00,12043
13/06/2024 18:00,13017
13/06/2024 19:00,14283
13/06/2024 20:00,1516
13/06/2024 21:00,15983
13/06/2024 22:00,15085
13/06/2024 23:00,13112
14/06/2024 00:00,8453
14/06/2024 01:00,5834
14/06/2024 02:00,3885
14/06/2024 03:00,2732
14/06/2024 04:00,2258
14/06/2024 05:00,2643
14/06/2024 06:00,4068
14/06/2024 07:00,5247
14/06/2024 08:00,7209
14/06/2024 09:00,7925
14/06/2024 10:00,8637
14/06/2024 11:00,8907
14/06/2024 12:00,9107
14/06/2024 13:00,9715
14/06/2024 14:00,10389
14/06/2024 15:00,11057
14/06/2024 16:00,11007
14/06/2024 17:00,11573
14/06/2024 18:00,12459
14/06/2024 19:00,1372
14/06/2024 20:00,1460
14/06/2024 21:00,15382
14/06/2024 22:00,14663
14/06/2024 23:00,13347
15/06/2024 00:00,8733
15/06/2024 01:00,6346
15/06/2024 02:00,428
15/06/2024 03:00,2988
15/06/2024 04:00,2416
15/06/2024 05:00,2394
15/06/2024 06:00,3518
15/06/2024 07:00,5407
15/06/2024 08:00,7756
15/06/2024 09:00,8899
15/06/2024 10:00,9906
15/06/2024 11:00,10635
15/06/2024 12:00,10805
15/06/2024 13:00,10669
15/06/2024 14:00,10881
15/06/2024 15:00,11274
15/06/2024 16:00,11376
15/06/2024 17:00,11849
15/06/2024 18:00,12597
15/06/2024 19:00,13562
15/06/2024 20:00,14151
15/06/2024 21:00,1496
15/06/2024 22:00,14503
15/06/2024 23:00,13207
16/06/2024 00:00,9001
16/06/2024 01:00,7117
16/06/2024 02:00,4861
16/06/2024 03:00,3407
16/06/2024 04:00,269
16/06/2024 05:00,2427
16/06/2024 06:00,3399
16/06/2024 07:00,521
16/06/2024 08:00,7742
16/06/2024 09:00,8803
16/06/2024 10:00,966
16/06/2024 11:00,10376
16/06/2024 12:00,10571
16/06/2024 13:00,10332
16/06/2024 14:00,10151
16/06/2024 15:00,10561
16/06/2024 16:00,11077
16/06/2024 17:00,12099
16/06/2024 18:00,13028
16/06/2024 19:00,13814
16/06/2024 20:00,15202
16/06/2024 21:00,15855
16/06/2024 22:00,14916
16/06/2024 23:00,13057
17/06/2024 00:00,8315
17/06/2024 01:00,5812
17/06/2024 02:00,3832
17/06/2024 03:00,2598
17/06/2024 04:00,222
17/06/2024 05:00,2551
17/06/2024 06:00,3858
17/06/2024 07:00,5015
17/06/2024 08:00,7046
17/06/2024 09:00,8116
17/06/2024 10:00,8593
17/06/2024 11:00,8968
17/06/2024 12:00,9038
17/06/2024 13:00,9457
17/06/2024 14:00,10294
17/06/2024 15:00,10958
17/06/2024 16:00,1100
17/06/2024 17:00,11562
17/06/2024 18:00,12474
17/06/2024 19:00,13863
17/06/2024 20:00,15011
17/06/2024 21:00,15978
17/06/2024 22:00,14883
17/06/2024 23:00,12945
18/06/2024 00:00,8041
18/06/2024 01:00,5637
18/06/2024 02:00,3651
18/06/2024 03:00,264
18/06/2024 04:00,2194
18/06/2024 05:00,2584
18/06/2024 06:00,390
18/06/2024 07:00,5012
18/06/2024 08:00,7002
18/06/2024 09:00,7851
18/06/2024 10:00,8455
18/06/2024 11:00,9062
18/06/2024 12:00,9336
18/06/2024 13:00,9696
18/06/2024 14:00,10582
18/06/2024 15:00,11589
18/06/2024 16:00,11487
18/06/2024 17:00,12025
18/06/2024 18:00,12866
18/06/2024 19:00,14091
18/06/2024 20:00,15185
18/06/2024 21:00,15937
18/06/2024 22:00,15059
18/06/2024 23:00,13302
19/06/2024 00:00,8261
19/06/2024 01:00,578
19/06/2024 02:00,3836
19/06/2024 03:00,2772
19/06/2024 04:00,2223
19/06/2024 05:00,2711
19/06/2024 06:00,4216
19/06/2024 07:00,5265
19/06/2024 08:00,7463
19/06/2024 09:00,8235
19/06/2024 10:00,8487
19/06/2024 11:00,8814
19/06/2024 12:00,9379
19/06/2024 13:00,9694
19/06/2024 14:00,10399
19/06/2024 15:00,11018
19/06/2024 16:00,11201
19/06/2024 17:00,11693
19/06/2024 18:00,12729
19/06/2024 19:00,14005
19/06/2024 20:00,15278
19/06/2024 21:00,15919
19/06/2024 22:00,14837
19/06/2024 23:00,12939
20/06/2024 00:00,816
20/06/2024 01:00,5855
20/06/2024 02:00,3826
20/06/2024 03:00,2741
20/06/2024 04:00,2167
20/06/2024 05:00,2537
20/06/2024 06:00,3724
20/06/2024 07:00,4644
20/06/2024 08:00,6571
20/06/2024 09:00,794
20/06/2024 10:00,8207
20/06/2024 11:00,8581
20/06/2024 12:00,909
20/06/2024 13:00,9515
20/06/2024 14:00,10399
20/06/2024 15:00,11184
20/06/2024 16:00,11116
20/06/2024 17:00,11829
20/06/2024 18:00,12759
20/06/2024 19:00,13751
20/06/2024 20:00,1466
20/06/2024 21:00,15719
20/06/2024 22:00,14677
20/06/2024 23:00,12862
21/06/2024 00:00,808
21/06/2024 01:00,595
21/06/2024 02:00,3929
21/06/2024 03:00,2919
21/06/2024 04:00,2521
21/06/2024 05:00,2941
21/06/2024 06:00,4196
21/06/2024 07:00,5376
21/06/2024 08:00,7273
21/06/2024 09:00,8249
21/06/2024 10:00,8458
21/06/2024 11:00,8889
21/06/2024 12:00,8957
21/06/2024 13:00,9261
21/06/2024 14:00,10546
21/06/2024 15:00,11251
21/06/2024 16:00,10832
21/06/2024 17:00,1145
21/06/2024 18:00,12506
21/06/2024 19:00,13533
21/06/2024 20:00,14572
21/06/2024 21:00,15415
21/06/2024 22:00,14717
21/06/2024 23:00,12909
22/06/2024 00:00,896
22/06/2024 01:00,6846
22/06/2024 02:00,412
22/06/2024 03:00,294
22/06/2024 04:00,2353
22/06/2024 05:00,2494
22/06/2024 06:00,3637
22/06/2024 07:00,5604
22/06/2024 08:00,8065
22/06/2024 09:00,9437
22/06/2024 10:00,1011
22/06/2024 11:00,10774
22/06/2024 12:00,11109
22/06/2024 13:00,11098
22/06/2024 14:00,11522
22/06/2024 15:00,11898
22/06/2024 16:00,12185
22/06/2024 17:00,1281
22/06/2024 18:00,13796
22/06/2024 19:00,14182
22/06/2024 20:00,15103
22/06/2024 21:00,16221
22/06/2024 22:00,15228
22/06/2024 23:00,13689
23/06/2024 00:00,9183
23/06/2024 01:00,6797
23/06/2024 02:00,481
23/06/2024 03:00,3394
23/06/2024 04:00,2428
23/06/2024 05:00,2409
23/06/2024 06:00,3285
23/06/2024 07:00,5119
23/06/2024 08:00,7377
23/06/2024 09:00,8631
23/06/2024 10:00,9664
23/06/2024 11:00,10626
23/06/2024 12:00,11067
23/06/2024 13:00,11441
23/06/2024 14:00,11675
23/06/2024 15:00,12473
23/06/2024 16:00,12624
23/06/2024 17:00,13594
23/06/2024 18:00,14185
23/06/2024 19:00,15098
23/06/2024 20:00,16474
23/06/2024 21:00,17296
23/06/2024 22:00,15581
23/06/2024 23:00,13168
24/06/2024 00:00,8362
24/06/2024 01:00,5954
24/06/2024 02:00,4018
24/06/2024 03:00,2883
24/06/2024 04:00,2327
24/06/2024 05:00,2809
24/06/2024 06:00,4014
24/06/2024 07:00,509
24/06/2024 08:00,7042
24/06/2024 09:00,7777
24/06/2024 10:00,8202
24/06/2024 11:00,8566
24/06/2024 12:00,8673
24/06/2024 13:00,9209
24/06/2024 14:00,10478
24/06/2024 15:00,11243
24/06/2024 16:00,11126
24/06/2024 17:00,12158
24/06/2024 18:00,13222
24/06/2024 19:00,14176
24/06/2024 20:00,16235
24/06/2024 21:00,17007
24/06/2024 22:00,1522
24/06/2024 23:00,12402
25/06/2024 00:00,7892
25/06/2024 01:00,562
25/06/2024 02:00,3744
25/06/2024 03:00,2695
25/06/2024 04:00,2299
25/06/2024 05:00,2569
25/06/2024 06:00,3799
25/06/2024 07:00,4943
25/06/2024 08:00,6766
25/06/2024 09:00,7631
25/06/2024 10:00,8168
25/06/2024 11:00,9054
25/06/2024 12:00,931
25/06/2024 13:00,9437
25/06/2024 14:00,1012
25/06/2024 15:00,10961
25/06/2024 16:00,11511
25/06/2024 17:00,12898
25/06/2024 18:00,13514
25/06/2024 19:00,14919
25/06/2024 20:00,17245
25/06/2024 21:00,17507
25/06/2024 22:00,15417
25/06/2024 23:00,13052
26/06/2024 00:00,8147
26/06/2024 01:00,5047
26/06/2024 02:00,3451
26/06/2024 03:00,2589
26/06/2024 04:00,2125
26/06/2024 05:00,237
26/06/2024 06:00,3504
26/06/2024 07:00,4538
26/06/2024 08:00,6439
26/06/2024 09:00,7157
26/06/2024 10:00,7581
26/06/2024 11:00,8248
26/06/2024 12:00,8454
26/06/2024 13:00,8748
26/06/2024 14:00,9472
26/06/2024 15:00,10028
26/06/2024 16:00,9868
26/06/2024 17:00,10618
26/06/2024 18:00,7109
26/06/2024 19:00,12964
26/06/2024 20:00,14299
26/06/2024 21:00,15165
26/06/2024 22:00,13862
26/06/2024 23:00,11746
27/06/2024 00:00,7315
27/06/2024 01:00,5257
27/06/2024 02:00,3646
27/06/2024 03:00,2716
27/06/2024 04:00,2249
27/06/2024 05:00,2433
27/06/2024 06:00,3668
27/06/2024 07:00,4638
27/06/2024 08:00,6211
27/06/2024 09:00,6885
27/06/2024 10:00,7356
27/06/2024 11:00,7658
27/06/2024 12:00,7741
27/06/2024 13:00,832
27/06/2024 14:00,8891
27/06/2024 15:00,9576
27/06/2024 16:00,9984
27/06/2024 17:00,10894
27/06/2024 18:00,11732
27/06/2024 19:00,12903
27/06/2024 20:00,1419
27/06/2024 21:00,1478
27/06/2024 22:00,14019
27/06/2024 23:00,11795
28/06/2024 00:00,726
28/06/2024 01:00,5206
28/06/2024 02:00,3496
28/06/2024 03:00,2467
28/06/2024 04:00,1977
28/06/2024 05:00,2313
28/06/2024 06:00,3492
28/06/2024 07:00,4348
28/06/2024 08:00,6102
28/06/2024 09:00,6992
28/06/2024 10:00,7507
28/06/2024 11:00,7832
28/06/2024 12:00,7994
28/06/2024 13:00,8461
28/06/2024 14:00,890
28/06/2024 15:00,942
28/06/2024 16:00,9783
28/06/2024 17:00,10515
28/06/2024 18:00,11447
28/06/2024 19:00,12465
28/06/2024 20:00,13918
28/06/2024 21:00,14646
28/06/2024 22:00,1341
28/06/2024 23:00,11938
29/06/2024 00:00,778
29/06/2024 01:00,5828
29/06/2024 02:00,4053
29/06/2024 03:00,2884
29/06/2024 04:00,2353
29/06/2024 05:00,2253
29/06/2024 06:00,3169
29/06/2024 07:00,476
29/06/2024 08:00,6822
29/06/2024 09:00,8086
29/06/2024 10:00,8978
29/06/2024 11:00,10292
29/06/2024 12:00,10468
29/06/2024 13:00,9964
29/06/2024 14:00,10334
29/06/2024 15:00,10749
29/06/2024 16:00,10746
29/06/2024 17:00,11012
29/06/2024 18:00,11872
29/06/2024 19:00,12923
29/06/2024 20:00,13403
29/06/2024 21:00,14074
29/06/2024 22:00,13542
29/06/2024 23:00,12269
30/06/2024 00:00,8182
30/06/2024 01:00,6135
30/06/2024 02:00,4277
30/06/2024 03:00,2972
30/06/2024 04:00,2361
30/06/2024 05:00,2077
30/06/2024 06:00,2622
30/06/2024 07:00,4198
30/06/2024 08:00,6406
30/06/2024 09:00,7713
30/06/2024 10:00,8714
30/06/2024 11:00,10265
30/06/2024 12:00,11014
30/06/2024 13:00,11063
30/06/2024 14:00,10548
30/06/2024 15:00,10984
30/06/2024 16:00,11059
30/06/2024 17:00,11714
30/06/2024 18:00,12446
30/06/2024 19:00,13572
30/06/2024 20:00,1497
30/06/2024 21:00,15112
30/06/2024 22:00,14083
30/06/2024 23:00,12196
1/07/2024 00:00,7617
1/07/2024 01:00,5292
1/07/2024 02:00,3519
1/07/2024 03:00,2432
1/07/2024 04:00,2057
1/07/2024 05:00,2229
1/07/2024 06:00,3335
1/07/2024 07:00,4233
1/07/2024 08:00,5946
1/07/2024 09:00,6898
1/07/2024 10:00,7456
1/07/2024 11:00,8586
1/07/2024 12:00,8978
1/07/2024 13:00,8743
1/07/2024 14:00,9756
1/07/2024 15:00,10466
1/07/2024 16:00,1067
1/07/2024 17:00,10654
1/07/2024 18:00,11426
1/07/2024 19:00,12863
1/07/2024 20:00,14465
1/07/2024 21:00,15182
1/07/2024 22:00,13779
1/07/2024 23:00,11731
2/07/2024 00:00,7362
2/07/2024 01:00,5091
2/07/2024 02:00,3382
2/07/2024 03:00,2454
2/07/2024 04:00,2148
2/07/2024 05:00,2403
2/07/2024 06:00,3622
2/07/2024 07:00,4505
2/07/2024 08:00,6215
2/07/2024 09:00,6821
2/07/2024 10:00,7411
2/07/2024 11:00,8282
2/07/2024 12:00,8319
2/07/2024 13:00,8367
2/07/2024 14:00,9239
2/07/2024 15:00,9875
2/07/2024 16:00,9708
2/07/2024 17:00,10317
2/07/2024 18:00,11288
2/07/2024 19:00,12852
2/07/2024 20:00,15088
2/07/2024 21:00,15855
2/07/2024 22:00,13918
2/07/2024 23:00,11995
3/07/2024 00:00,7365
3/07/2024 01:00,518
3/07/2024 02:00,3471
3/07/2024 03:00,256
3/07/2024 04:00,2106
3/07/2024 05:00,2352
3/07/2024 06:00,3444
3/07/2024 07:00,4368
3/07/2024 08:00,6133
3/07/2024 09:00,6829
3/07/2024 10:00,7512
3/07/2024 11:00,7543
3/07/2024 12:00,8009
3/07/2024 13:00,8439
3/07/2024 14:00,8753
3/07/2024 15:00,9519
3/07/2024 16:00,9946
3/07/2024 17:00,10511
3/07/2024 18:00,11394
3/07/2024 19:00,12751
3/07/2024 20:00,13875
3/07/2024 21:00,14752
3/07/2024 22:00,1381
3/07/2024 23:00,11853
4/07/2024 00:00,7367
4/07/2024 01:00,545
4/07/2024 02:00,3624
4/07/2024 03:00,2696
4/07/2024 04:00,2289
4/07/2024 05:00,259
4/07/2024 06:00,3575
4/07/2024 07:00,4478
4/07/2024 08:00,5999
4/07/2024 09:00,6836
4/07/2024 10:00,7373
4/07/2024 11:00,7548
4/07/2024 12:00,7941
4/07/2024 13:00,8607
4/07/2024 14:00,8903
4/07/2024 15:00,951
4/07/2024 16:00,9721
4/07/2024 17:00,10366
4/07/2024 18:00,11282
4/07/2024 19:00,1295
4/07/2024 20:00,14791
4/07/2024 21:00,15649
4/07/2024 22:00,14485
4/07/2024 23:00,11977
5/07/2024 00:00,7437
5/07/2024 01:00,5338
5/07/2024 02:00,3603
5/07/2024 03:00,2713
5/07/2024 04:00,2181
5/07/2024 05:00,2531
5/07/2024 06:00,3762
5/07/2024 07:00,501
5/07/2024 08:00,6654
5/07/2024 09:00,7363
5/07/2024 10:00,8011
5/07/2024 11:00,9191
5/07/2024 12:00,9637
5/07/2024 13:00,10188
5/07/2024 14:00,1032
5/07/2024 15:00,11438
5/07/2024 16:00,11651
5/07/2024 17:00,10657
5/07/2024 18:00,11372
5/07/2024 19:00,1281
5/07/2024 20:00,1499
5/07/2024 21:00,16194
5/07/2024 22:00,14908
5/07/2024 23:00,12297
6/07/2024 00:00,8016
6/07/2024 01:00,5776
6/07/2024 02:00,4062
6/07/2024 03:00,2855
6/07/2024 04:00,2265
6/07/2024 05:00,2483
6/07/2024 06:00,3474
6/07/2024 07:00,5032
6/07/2024 08:00,7085
6/07/2024 09:00,7979
6/07/2024 10:00,8538
6/07/2024 11:00,9316
6/07/2024 12:00,9811
6/07/2024 13:00,10142
6/07/2024 14:00,10312
6/07/2024 15:00,10844
6/07/2024 16:00,1068
6/07/2024 17:00,11383
6/07/2024 18:00,12161
6/07/2024 19:00,12898
6/07/2024 20:00,1459
6/07/2024 21:00,15718
6/07/2024 22:00,14652
6/07/2024 23:00,12329
7/07/2024 00:00,8229
7/07/2024 01:00,628
7/07/2024 02:00,4365
7/07/2024 03:00,2993
7/07/2024 04:00,2337
7/07/2024 05:00,2225
7/07/2024 06:00,3067
7/07/2024 07:00,4463
7/07/2024 08:00,6591
7/07/2024 09:00,7613
7/07/2024 10:00,8348
7/07/2024 11:00,9014
7/07/2024 12:00,9595
7/07/2024 13:00,9745
7/07/2024 14:00,10052
7/07/2024 15:00,10687
7/07/2024 16:00,11096
7/07/2024 17:00,1186
7/07/2024 18:00,12617
7/07/2024 19:00,13475
7/07/2024 20:00,14711
7/07/2024 21:00,15411
7/07/2024 22:00,14531
7/07/2024 23:00,12687
8/07/2024 00:00,8108
8/07/2024 01:00,5718
8/07/2024 02:00,3775
8/07/2024 03:00,2547
8/07/2024 04:00,1968
8/07/2024 05:00,2311
8/07/2024 06:00,3329
8/07/2024 07:00,470
8/07/2024 08:00,6837
8/07/2024 09:00,7903
8/07/2024 10:00,8622
8/07/2024 11:00,8887
8/07/2024 12:00,9179
8/07/2024 13:00,9383
8/07/2024 14:00,9718
8/07/2024 15:00,10271
8/07/2024 16:00,1029
8/07/2024 17:00,10938
8/07/2024 18:00,11765
8/07/2024 19:00,12761
8/07/2024 20:00,14101
8/07/2024 21:00,14714
8/07/2024 22:00,13799
8/07/2024 23:00,12104
9/07/2024 00:00,7707
9/07/2024 01:00,5279
9/07/2024 02:00,3494
9/07/2024 03:00,2496
9/07/2024 04:00,2116
9/07/2024 05:00,2422
9/07/2024 06:00,3709
9/07/2024 07:00,4516
9/07/2024 08:00,6192
9/07/2024 09:00,6993
9/07/2024 10:00,7436
9/07/2024 11:00,7689
9/07/2024 12:00,7947
9/07/2024 13:00,8979
9/07/2024 14:00,10621
9/07/2024 15:00,11472
9/07/2024 16:00,10353
9/07/2024 17:00,10908
9/07/2024 18:00,12087
9/07/2024 19:00,13643
9/07/2024 20:00,14646
9/07/2024 21:00,15165
9/07/2024 22:00,13992
9/07/2024 23:00,12203
10/07/2024 00:00,7648
10/07/2024 01:00,5308
10/07/2024 02:00,3536
10/07/2024 03:00,2607
10/07/2024 04:00,2295
10/07/2024 05:00,2627
10/07/2024 06:00,396
10/07/2024 07:00,4935
10/07/2024 08:00,6618
10/07/2024 09:00,7309
10/07/2024 10:00,7726
10/07/2024 11:00,8181
10/07/2024 12:00,8238
10/07/2024 13:00,9043
10/07/2024 14:00,10338
10/07/2024 15:00,11049
10/07/2024 16:00,10366
10/07/2024 17:00,10808
10/07/2024 18:00,11955
10/07/2024 19:00,14529
10/07/2024 20:00,16216
10/07/2024 21:00,15224
10/07/2024 22:00,14032
10/07/2024 23:00,12174
11/07/2024 00:00,7709
11/07/2024 01:00,554
11/07/2024 02:00,3617
11/07/2024 03:00,252
11/07/2024 04:00,2083
11/07/2024 05:00,2501
11/07/2024 06:00,3847
11/07/2024 07:00,4788
11/07/2024 08:00,6344
11/07/2024 09:00,7084
11/07/2024 10:00,7526
11/07/2024 11:00,7658
11/07/2024 12:00,7741
11/07/2024 13:00,832
11/07/2024 14:00,8891
11/07/2024 15:00,9576
11/07/2024 16:00,9984
11/07/2024 17:00,10894
11/07/2024 18:00,11732
11/07/2024 19:00,12903
11/07/2024 20:00,1419
11/07/2024 21:00,1478
11/07/2024 22:00,14019
11/07/2024 23:00,11795
12/07/2024 00:00,726
12/07/2024 01:00,564
12/07/2024 02:00,3736
12/07/2024 03:00,2676
12/07/2024 04:00,2204
12/07/2024 05:00,2421
12/07/2024 06:00,3759
12/07/2024 07:00,4704
12/07/2024 08:00,644
12/07/2024 09:00,7207
12/07/2024 10:00,7753
12/07/2024 11:00,8102
12/07/2024 12:00,8465
12/07/2024 13:00,9102
12/07/2024 14:00,9564
12/07/2024 15:00,1000
12/07/2024 16:00,10275
12/07/2024 17:00,10598
12/07/2024 18:00,11769
12/07/2024 19:00,12901
12/07/2024 20:00,13878
12/07/2024 21:00,14517
12/07/2024 22:00,13911
12/07/2024 23:00,12464
13/07/2024 00:00,8053
13/07/2024 01:00,5916
13/07/2024 02:00,3967
13/07/2024 03:00,290
13/07/2024 04:00,2358
13/07/2024 05:00,2345
13/07/2024 06:00,3192
13/07/2024 07:00,4813
13/07/2024 08:00,6751
13/07/2024 09:00,8055
13/07/2024 10:00,9284
13/07/2024 11:00,10229
13/07/2024 12:00,10544
13/07/2024 13:00,10814
13/07/2024 14:00,11197
13/07/2024 15:00,11678
13/07/2024 16:00,12147
13/07/2024 17:00,1218
13/07/2024 18:00,11994
13/07/2024 19:00,12946
13/07/2024 20:00,14045
13/07/2024 21:00,14448
13/07/2024 22:00,13756
13/07/2024 23:00,1216
14/07/2024 00:00,8185
14/07/2024 01:00,6419
14/07/2024 02:00,4358
14/07/2024 03:00,3131
14/07/2024 04:00,2524
14/07/2024 05:00,2432
14/07/2024 06:00,3043
14/07/2024 07:00,4463
14/07/2024 08:00,6482
14/07/2024 09:00,7474
14/07/2024 10:00,8385
14/07/2024 11:00,9145
14/07/2024 12:00,9755
14/07/2024 13:00,10237
14/07/2024 14:00,11647
14/07/2024 15:00,12511
14/07/2024 16:00,1212
14/07/2024 17:00,11994
14/07/2024 18:00,12696
14/07/2024 19:00,14077
14/07/2024 20:00,15135
14/07/2024 21:00,15772
14/07/2024 22:00,15267
14/07/2024 23:00,13456
15/07/2024 00:00,8268
15/07/2024 01:00,575
15/07/2024 02:00,3775
15/07/2024 03:00,2497
15/07/2024 04:00,2052
15/07/2024 05:00,2366
15/07/2024 06:00,3416
15/07/2024 07:00,437
15/07/2024 08:00,6048
15/07/2024 09:00,676
15/07/2024 10:00,7285
15/07/2024 11:00,7603
15/07/2024 12:00,7722
15/07/2024 13:00,8298
15/07/2024 14:00,8988
15/07/2024 15:00,9535
15/07/2024 16:00,9824
15/07/2024 17:00,10482
15/07/2024 18:00,11439
15/07/2024 19:00,12576
15/07/2024 20:00,13822
15/07/2024 21:00,14426
15/07/2024 22:00,1364
15/07/2024 23:00,11847
16/07/2024 00:00,724
16/07/2024 01:00,5171
16/07/2024 02:00,3424
16/07/2024 03:00,2532
16/07/2024 04:00,2126
16/07/2024 05:00,2282
16/07/2024 06:00,3555
16/07/2024 07:00,4662
16/07/2024 08:00,6156
16/07/2024 09:00,6966
16/07/2024 10:00,7432
16/07/2024 11:00,7802
16/07/2024 12:00,8044
16/07/2024 13:00,8553
16/07/2024 14:00,9023
16/07/2024 15:00,9612
16/07/2024 16:00,9838
16/07/2024 17:00,10441
16/07/2024 18:00,11383
16/07/2024 19:00,12651
16/07/2024 20:00,13757
16/07/2024 21:00,1458
16/07/2024 22:00,13811
16/07/2024 23:00,12152
17/07/2024 00:00,7589
17/07/2024 01:00,5376
17/07/2024 02:00,3587
17/07/2024 03:00,2739
17/07/2024 04:00,2265
17/07/2024 05:00,2399
17/07/2024 06:00,331
17/07/2024 07:00,4201
17/07/2024 08:00,6184
17/07/2024 09:00,6952
17/07/2024 10:00,7308
17/07/2024 11:00,7786
17/07/2024 12:00,8089
17/07/2024 13:00,8872
17/07/2024 14:00,9139
17/07/2024 15:00,9644
17/07/2024 16:00,9907
17/07/2024 17:00,10518
17/07/2024 18:00,11545
17/07/2024 19:00,12895
17/07/2024 20:00,13926
17/07/2024 21:00,14714
17/07/2024 22:00,13908
17/07/2024 23:00,12157
18/07/2024 00:00,7693
18/07/2024 01:00,5441
18/07/2024 02:00,3662
18/07/2024 03:00,2772
18/07/2024 04:00,2417
18/07/2024 05:00,2521
18/07/2024 06:00,3434
18/07/2024 07:00,4358
18/07/2024 08:00,6098
18/07/2024 09:00,6992
18/07/2024 10:00,7467
18/07/2024 11:00,7819
18/07/2024 12:00,8016
18/07/2024 13:00,8591
18/07/2024 14:00,905
18/07/2024 15:00,9623
18/07/2024 16:00,9879
18/07/2024 17:00,10551
18/07/2024 18:00,11375
18/07/2024 19:00,12648
18/07/2024 20:00,13715
18/07/2024 21:00,14402
18/07/2024 22:00,13627
18/07/2024 23:00,11938
19/07/2024 00:00,7545
19/07/2024 01:00,5343
19/07/2024 02:00,3661
19/07/2024 03:00,2574
19/07/2024 04:00,2071
19/07/2024 05:00,2481
19/07/2024 06:00,3416
19/07/2024 07:00,4374
19/07/2024 08:00,6066
19/07/2024 09:00,6826
19/07/2024 10:00,7353
19/07/2024 11:00,786
19/07/2024 12:00,8172
19/07/2024 13:00,8835
19/07/2024 14:00,9144
19/07/2024 15:00,956
19/07/2024 16:00,986
19/07/2024 17:00,10441
19/07/2024 18:00,11314
19/07/2024 19:00,12377
19/07/2024 20:00,13418
19/07/2024 21:00,14252
19/07/2024 22:00,13488
19/07/2024 23:00,12185
20/07/2024 00:00,8151
20/07/2024 01:00,5893
20/07/2024 02:00,4043
20/07/2024 03:00,2902
20/07/2024 04:00,2381
20/07/2024 05:00,2421
20/07/2024 06:00,3164
20/07/2024 07:00,4647
20/07/2024 08:00,6595
20/07/2024 09:00,770
20/07/2024 10:00,8443
20/07/2024 11:00,905
20/07/2024 12:00,9426
20/07/2024 13:00,978
20/07/2024 14:00,9875
20/07/2024 15:00,10351
20/07/2024 16:00,10456
20/07/2024 17:00,11034
20/07/2024 18:00,11747
20/07/2024 19:00,12891
20/07/2024 20:00,13904
20/07/2024 21:00,14148
20/07/2024 22:00,13456
20/07/2024 23:00,12158
21/07/2024 00:00,7742
21/07/2024 01:00,6087
21/07/2024 02:00,4191
21/07/2024 03:00,2973
21/07/2024 04:00,225
21/07/2024 05:00,210
21/07/2024 06:00,2995
21/07/2024 07:00,4484
21/07/2024 08:00,6597
21/07/2024 09:00,7688
21/07/2024 10:00,8538
21/07/2024 11:00,9262
21/07/2024 12:00,9717
21/07/2024 13:00,10447
21/07/2024 14:00,10633
21/07/2024 15:00,10853
21/07/2024 16:00,11282
21/07/2024 17:00,11843
21/07/2024 18:00,12536
21/07/2024 19:00,13331
21/07/2024 20:00,14428
21/07/2024 21:00,15233
21/07/2024 22:00,14486
21/07/2024 23:00,12812
22/07/2024 00:00,8124
22/07/2024 01:00,5659
22/07/2024 02:00,3765
22/07/2024 03:00,2787
22/07/2024 04:00,2137
22/07/2024 05:00,2099
22/07/2024 06:00,3205
22/07/2024 07:00,4403
22/07/2024 08:00,6641
22/07/2024 09:00,7649
22/07/2024 10:00,8336
22/07/2024 11:00,8827
22/07/2024 12:00,9127
22/07/2024 13:00,9468
22/07/2024 14:00,9633
22/07/2024 15:00,10149
22/07/2024 16:00,10256
22/07/2024 17:00,10781
22/07/2024 18:00,11587
22/07/2024 19:00,12797
22/07/2024 20:00,13883
22/07/2024 21:00,1491
22/07/2024 22:00,1437
22/07/2024 23:00,13001
23/07/2024 00:00,8562
23/07/2024 01:00,6087
23/07/2024 02:00,4153
23/07/2024 03:00,3222
23/07/2024 04:00,2762
23/07/2024 05:00,2449
23/07/2024 06:00,3481
23/07/2024 07:00,5056
23/07/2024 08:00,7589
23/07/2024 09:00,8837
23/07/2024 10:00,980
23/07/2024 11:00,10606
23/07/2024 12:00,10984
23/07/2024 13:00,11118
23/07/2024 14:00,11165
23/07/2024 15:00,11504
23/07/2024 16:00,11751
23/07/2024 17:00,12485
23/07/2024 18:00,13138
23/07/2024 19:00,13994
23/07/2024 20:00,14832
23/07/2024 21:00,15675
23/07/2024 22:00,14914
23/07/2024 23:00,13285
24/07/2024 00:00,8582
24/07/2024 01:00,6075
24/07/2024 02:00,4112
24/07/2024 03:00,2971
24/07/2024 04:00,2521
24/07/2024 05:00,2778
24/07/2024 06:00,3611
24/07/2024 07:00,4854
24/07/2024 08:00,692
24/07/2024 09:00,7958
24/07/2024 10:00,8594
24/07/2024 11:00,9265
24/07/2024 12:00,9506
24/07/2024 13:00,987
24/07/2024 14:00,10267
24/07/2024 15:00,10735
24/07/2024 16:00,10759
24/07/2024 17:00,11198
24/07/2024 18:00,12002
24/07/2024 19:00,13208
24/07/2024 20:00,14399
24/07/2024 21:00,1513
24/07/2024 22:00,14509
24/07/2024 23:00,12889
25/07/2024 00:00,8388
25/07/2024 01:00,5916
25/07/2024 02:00,4039
25/07/2024 03:00,278
25/07/2024 04:00,2346
25/07/2024 05:00,2337
25/07/2024 06:00,324
25/07/2024 07:00,4494
25/07/2024 08:00,6605
25/07/2024 09:00,752
25/07/2024 10:00,8345
25/07/2024 11:00,8927
25/07/2024 12:00,923
25/07/2024 13:00,9881
25/07/2024 14:00,10198
25/07/2024 15:00,10542
25/07/2024 16:00,10615
25/07/2024 17:00,11112
25/07/2024 18:00,1182
25/07/2024 19:00,12989
25/07/2024 20:00,14086
25/07/2024 21:00,14839
25/07/2024 22:00,14473
25/07/2024 23:00,12753
26/07/2024 00:00,8237
26/07/2024 01:00,6065
26/07/2024 02:00,4161
26/07/2024 03:00,2917
26/07/2024 04:00,2469
26/07/2024 05:00,2288
26/07/2024 06:00,3176
26/07/2024 07:00,4694
26/07/2024 08:00,6564
26/07/2024 09:00,7718
26/07/2024 10:00,8503
26/07/2024 11:00,9192
26/07/2024 12:00,952
26/07/2024 13:00,9871
26/07/2024 14:00,10012
26/07/2024 15:00,10549
26/07/2024 16:00,10682
26/07/2024 17:00,1115
26/07/2024 18:00,11704
26/07/2024 19:00,12763
26/07/2024 20:00,13822
26/07/2024 21:00,14646
26/07/2024 22:00,14239
26/07/2024 23:00,12727
27/07/2024 00:00,8716
27/07/2024 01:00,6239
27/07/2024 02:00,4377
27/07/2024 03:00,3147
27/07/2024 04:00,2543
27/07/2024 05:00,232
27/07/2024 06:00,2981
27/07/2024 07:00,444
27/07/2024 08:00,643
27/07/2024 09:00,7726
27/07/2024 10:00,8554
27/07/2024 11:00,9214
27/07/2024 12:00,9655
27/07/2024 13:00,10029
27/07/2024 14:00,10264
27/07/2024 15:00,10549
27/07/2024 16:00,10569
27/07/2024 17:00,11007
27/07/2024 18:00,11593
27/07/2024 19:00,12396
27/07/2024 20:00,13477
27/07/2024 21:00,14172
27/07/2024 22:00,13677
27/07/2024 23:00,12324
28/07/2024 00:00,8766
28/07/2024 01:00,6546
28/07/2024 02:00,4538
28/07/2024 03:00,3181
28/07/2024 04:00,2509
28/07/2024 05:00,2212
28/07/2024 06:00,2964
28/07/2024 07:00,4299
28/07/2024 08:00,6371
28/07/2024 09:00,7493
28/07/2024 10:00,8517
28/07/2024 11:00,9296
28/07/2024 12:00,9611
28/07/2024 13:00,9801
28/07/2024 14:00,9948
28/07/2024 15:00,10255
28/07/2024 16:00,1050
28/07/2024 17:00,11284
28/07/2024 18:00,12148
28/07/2024 19:00,12735
28/07/2024 20:00,13906
28/07/2024 21:00,14962
28/07/2024 22:00,14446
28/07/2024 23:00,13277
29/07/2024 00:00,9022
29/07/2024 01:00,6941
29/07/2024 02:00,4579
29/07/2024 03:00,332
29/07/2024 04:00,2749
29/07/2024 05:00,2597
29/07/2024 06:00,3018
29/07/2024 07:00,4359
29/07/2024 08:00,6464
29/07/2024 09:00,7786
29/07/2024 10:00,9068
29/07/2024 11:00,9683
29/07/2024 12:00,10215
29/07/2024 13:00,10495
29/07/2024 14:00,10576
29/07/2024 15:00,11064
29/07/2024 16:00,11389
29/07/2024 17:00,12228
29/07/2024 18:00,12903
29/07/2024 19:00,13725
29/07/2024 20:00,14622
29/07/2024 21:00,15639
29/07/2024 22:00,15006
29/07/2024 23:00,13278
30/07/2024 00:00,8824
30/07/2024 01:00,6414
30/07/2024 02:00,4455
30/07/2024 03:00,3011
30/07/2024 04:00,2346
30/07/2024 05:00,2154
30/07/2024 06:00,2943
30/07/2024 07:00,4436
30/07/2024 08:00,6777
30/07/2024 09:00,8006
30/07/2024 10:00,8937
30/07/2024 11:00,9459
30/07/2024 12:00,9849
30/07/2024 13:00,10176
30/07/2024 14:00,1038
30/07/2024 15:00,10631
30/07/2024 16:00,1078
30/07/2024 17:00,11104
30/07/2024 18:00,12009
30/07/2024 19:00,13549
30/07/2024 20:00,14755
30/07/2024 21:00,15617
30/07/2024 22:00,14603
30/07/2024 23:00,13308
31/07/2024 00:00,8735
31/07/2024 01:00,6243
31/07/2024 02:00,4378
31/07/2024 03:00,3344
31/07/2024 04:00,2605
31/07/2024 05:00,250
31/07/2024 06:00,3071
31/07/2024 07:00,4435
31/07/2024 08:00,6592
31/07/2024 09:00,7862
31/07/2024 10:00,8816
31/07/2024 11:00,9378
31/07/2024 12:00,9676
31/07/2024 13:00,10199
31/07/2024 14:00,10195
31/07/2024 15:00,1059
31/07/2024 16:00,10785
31/07/2024 17:00,11133
31/07/2024 18:00,1179
31/07/2024 19:00,12912
31/07/2024 20:00,14687
31/07/2024 21:00,15861
31/07/2024 22:00,14728
31/07/2024 23:00,13152
1/08/2024 00:00,8835
1/08/2024 01:00,6492
1/08/2024 02:00,433
1/08/2024 03:00,3244
1/08/2024 04:00,2641
1/08/2024 05:00,2704
1/08/2024 06:00,3529
1/08/2024 07:00,4835
1/08/2024 08:00,7037
1/08/2024 09:00,7855
1/08/2024 10:00,8842
1/08/2024 11:00,9221
1/08/2024 12:00,9629
1/08/2024 13:00,9918
1/08/2024 14:00,10288
1/08/2024 15:00,10618
1/08/2024 16:00,10747
1/08/2024 17:00,11268
1/08/2024 18:00,12016
1/08/2024 19:00,12956
1/08/2024 20:00,1399
1/08/2024 21:00,15052
1/08/2024 22:00,14593
1/08/2024 23:00,13125
2/08/2024 00:00,8925
2/08/2024 01:00,6333
2/08/2024 02:00,4482
2/08/2024 03:00,3195
2/08/2024 04:00,2529
2/08/2024 05:00,2415
2/08/2024 06:00,3168
2/08/2024 07:00,4481
2/08/2024 08:00,6732
2/08/2024 09:00,7983
2/08/2024 10:00,8683
2/08/2024 11:00,9462
2/08/2024 12:00,9703
2/08/2024 13:00,986
2/08/2024 14:00,10255
2/08/2024 15:00,1047
2/08/2024 16:00,10492
2/08/2024 17:00,1086
2/08/2024 18:00,11602
2/08/2024 19:00,12552
2/08/2024 20:00,13572
2/08/2024 21:00,1464
2/08/2024 22:00,13979
2/08/2024 23:00,1277
3/08/2024 00:00,8705
3/08/2024 01:00,6552
3/08/2024 02:00,4667
3/08/2024 03:00,3366
3/08/2024 04:00,2519
3/08/2024 05:00,2364
3/08/2024 06:00,3134
3/08/2024 07:00,454
3/08/2024 08:00,6576
3/08/2024 09:00,7491
3/08/2024 10:00,8662
3/08/2024 11:00,920
3/08/2024 12:00,9441
3/08/2024 13:00,9662
3/08/2024 14:00,10125
3/08/2024 15:00,11058
3/08/2024 16:00,1121
3/08/2024 17:00,11623
3/08/2024 18:00,12272
3/08/2024 19:00,13008
3/08/2024 20:00,1406
3/08/2024 21:00,14807
3/08/2024 22:00,14125
3/08/2024 23:00,12718
4/08/2024 00:00,8992
4/08/2024 01:00,6733
4/08/2024 02:00,4912
4/08/2024 03:00,3507
4/08/2024 04:00,2658
4/08/2024 05:00,252
4/08/2024 06:00,3083
4/08/2024 07:00,425
4/08/2024 08:00,623
4/08/2024 09:00,7179
4/08/2024 10:00,8203
4/08/2024 11:00,9205
4/08/2024 12:00,973
4/08/2024 13:00,9766
4/08/2024 14:00,1014
4/08/2024 15:00,10598
4/08/2024 16:00,11095
4/08/2024 17:00,11784
4/08/2024 18:00,12677
4/08/2024 19:00,13276
4/08/2024 20:00,14686
4/08/2024 21:00,15598
4/08/2024 22:00,14709
4/08/2024 23:00,13237
5/08/2024 00:00,847
5/08/2024 01:00,5992
5/08/2024 02:00,4146
5/08/2024 03:00,2804
5/08/2024 04:00,2265
5/08/2024 05:00,236
5/08/2024 06:00,3435
5/08/2024 07:00,4506
5/08/2024 08:00,6503
5/08/2024 09:00,7532
5/08/2024 10:00,8181
5/08/2024 11:00,8597
5/08/2024 12:00,8905
5/08/2024 13:00,9232
5/08/2024 14:00,984
5/08/2024 15:00,10371
5/08/2024 16:00,1082
5/08/2024 17:00,11317
5/08/2024 18:00,11958
5/08/2024 19:00,13139
5/08/2024 20:00,14403
5/08/2024 21:00,15374
5/08/2024 22:00,1453
5/08/2024 23:00,13075
6/08/2024 00:00,8938
6/08/2024 01:00,6428
6/08/2024 02:00,4566
6/08/2024 03:00,3297
6/08/2024 04:00,2569
6/08/2024 05:00,2235
6/08/2024 06:00,3004
6/08/2024 07:00,4637
6/08/2024 08:00,6866
6/08/2024 09:00,8417
6/08/2024 10:00,9613
6/08/2024 11:00,10553
6/08/2024 12:00,10934
6/08/2024 13:00,11301
6/08/2024 14:00,11249
6/08/2024 15:00,11827
6/08/2024 16:00,12169
6/08/2024 17:00,12934
6/08/2024 18:00,13616
6/08/2024 19:00,14434
6/08/2024 20:00,15089
6/08/2024 21:00,15628
6/08/2024 22:00,14785
6/08/2024 23:00,13176
7/08/2024 00:00,8445
7/08/2024 01:00,6143
7/08/2024 02:00,419
7/08/2024 03:00,3012
7/08/2024 04:00,2339
7/08/2024 05:00,2423
7/08/2024 06:00,3492
7/08/2024 07:00,4739
7/08/2024 08:00,6555
7/08/2024 09:00,7442
7/08/2024 10:00,8059
7/08/2024 11:00,8522
7/08/2024 12:00,8834
7/08/2024 13:00,9495
7/08/2024 14:00,1007
7/08/2024 15:00,10766
7/08/2024 16:00,10782
7/08/2024 17:00,1135
7/08/2024 18:00,12153
7/08/2024 19:00,13511
7/08/2024 20:00,14699
7/08/2024 21:00,15364
7/08/2024 22:00,14811
7/08/2024 23:00,12627
8/08/2024 00:00,8568
8/08/2024 01:00,5984
8/08/2024 02:00,4171
8/08/2024 03:00,3005
8/08/2024 04:00,2382
8/08/2024 05:00,2737
8/08/2024 06:00,3833
8/08/2024 07:00,4777
8/08/2024 08:00,6431
8/08/2024 09:00,7216
8/08/2024 10:00,7743
8/08/2024 11:00,8194
8/08/2024 12:00,8445
8/08/2024 13:00,9254
8/08/2024 14:00,9945
8/08/2024 15:00,10546
8/08/2024 16:00,10773
8/08/2024 17:00,11247
8/08/2024 18:00,12073
8/08/2024 19:00,1323
8/08/2024 20:00,14265
8/08/2024 21:00,15281
8/08/2024 22:00,14459
8/08/2024 23:00,13035
9/08/2024 00:00,9132
9/08/2024 01:00,6498
9/08/2024 02:00,447
9/08/2024 03:00,3223
9/08/2024 04:00,2462
9/08/2024 05:00,2715
9/08/2024 06:00,3942
9/08/2024 07:00,5015
9/08/2024 08:00,7012
9/08/2024 09:00,7986
9/08/2024 10:00,8507
9/08/2024 11:00,9221
9/08/2024 12:00,9089
9/08/2024 13:00,9949
9/08/2024 14:00,10534
9/08/2024 15:00,11127
9/08/2024 16:00,11386
9/08/2024 17:00,1184
9/08/2024 18:00,12861
9/08/2024 19:00,13999
9/08/2024 20:00,15063
9/08/2024 21:00,15979
9/08/2024 22:00,15406
9/08/2024 23:00,1405
10/08/2024 00:00,9482
10/08/2024 01:00,703
10/08/2024 02:00,4824
10/08/2024 03:00,3385
10/08/2024 04:00,2659
10/08/2024 05:00,2676
10/08/2024 06:00,3684
10/08/2024 07:00,5191
10/08/2024 08:00,7065
10/08/2024 09:00,8409
10/08/2024 10:00,9513
10/08/2024 11:00,10021
10/08/2024 12:00,10497
10/08/2024 13:00,10739
10/08/2024 14:00,11299
10/08/2024 15:00,11917
10/08/2024 16:00,12152
10/08/2024 17:00,12881
10/08/2024 18:00,13559
10/08/2024 19:00,14196
10/08/2024 20:00,15705
10/08/2024 21:00,16669
10/08/2024 22:00,15873
10/08/2024 23:00,14179
11/08/2024 00:00,9803
11/08/2024 01:00,7658
11/08/2024 02:00,5231
11/08/2024 03:00,3596
11/08/2024 04:00,2723
11/08/2024 05:00,2351
11/08/2024 06:00,3058
11/08/2024 07:00,4525
11/08/2024 08:00,6622
11/08/2024 09:00,815
11/08/2024 10:00,9412
11/08/2024 11:00,10322
11/08/2024 12:00,10865
11/08/2024 13:00,11453
11/08/2024 14:00,11907
11/08/2024 15:00,12784
11/08/2024 16:00,13141
11/08/2024 17:00,13857
11/08/2024 18:00,14387
11/08/2024 19:00,15005
11/08/2024 20:00,15842
11/08/2024 21:00,16601
11/08/2024 22:00,15699
11/08/2024 23:00,14076
12/08/2024 00:00,8944
12/08/2024 01:00,6205
12/08/2024 02:00,4073
12/08/2024 03:00,2853
12/08/2024 04:00,2294
12/08/2024 05:00,2577
12/08/2024 06:00,3724
12/08/2024 07:00,4781
12/08/2024 08:00,6731
12/08/2024 09:00,766
12/08/2024 10:00,8169
12/08/2024 11:00,8651
12/08/2024 12:00,8765
12/08/2024 13:00,9533
12/08/2024 14:00,10351
12/08/2024 15:00,11086
12/08/2024 16:00,11292
12/08/2024 17:00,11934
12/08/2024 18:00,12836
12/08/2024 19:00,14171
12/08/2024 20:00,15335
12/08/2024 21:00,16325
12/08/2024 22:00,15356
12/08/2024 23:00,13631
13/08/2024 00:00,9734
13/08/2024 01:00,6704
13/08/2024 02:00,4495
13/08/2024 03:00,3128
13/08/2024 04:00,248
13/08/2024 05:00,1751
13/08/2024 06:00,2697
13/08/2024 07:00,3545
13/08/2024 08:00,7409
13/08/2024 09:00,8516
13/08/2024 10:00,9171
13/08/2024 11:00,9708
13/08/2024 12:00,9832
13/08/2024 13:00,10647
13/08/2024 14:00,11663
13/08/2024 15:00,1232
13/08/2024 16:00,12869
13/08/2024 17:00,13374
13/08/2024 18:00,1441
13/08/2024 19:00,15791
13/08/2024 20:00,17195
13/08/2024 21:00,18151
13/08/2024 22:00,17255
13/08/2024 23:00,14939
14/08/2024 00:00,9902
14/08/2024 01:00,690
14/08/2024 02:00,4651
14/08/2024 03:00,3409
14/08/2024 04:00,287
14/08/2024 05:00,3325
14/08/2024 06:00,4935
14/08/2024 07:00,605
14/08/2024 08:00,7881
14/08/2024 09:00,8769
14/08/2024 10:00,9292
14/08/2024 11:00,9598
14/08/2024 12:00,9637
14/08/2024 13:00,11032
14/08/2024 14:00,12288
14/08/2024 15:00,13104
14/08/2024 16:00,13071
14/08/2024 17:00,13953
14/08/2024 18:00,1458
14/08/2024 19:00,15899
14/08/2024 20:00,17277
14/08/2024 21:00,18129
14/08/2024 22:00,17081
14/08/2024 23:00,14914
15/08/2024 00:00,1004396286
15/08/2024 01:00,738372045
15/08/2024 02:00,4275241971
15/08/2024 03:00,2884540741
15/08/2024 04:00,2250417428
15/08/2024 05:00,2618345028
15/08/2024 06:00,4056963156
15/08/2024 07:00,4956421826
15/08/2024 08:00,5931850471
15/08/2024 09:00,6626859019
15/08/2024 10:00,7219110401
15/08/2024 11:00,7397609817
15/08/2024 12:00,1297971779
15/08/2024 13:00,1339668455
15/08/2024 14:00,143127503
15/08/2024 15:00,1551209
15/08/2024 16:00,1612068548
15/08/2024 17:00,1610740694
15/08/2024 18:00,1884632665
15/08/2024 19:00,150181732
15/08/2024 20:00,1185671214
15/08/2024 21:00,6955385005
15/08/2024 22:00,4617087015
15/08/2024 23:00,3390392156
16/08/2024 00:00,3261803013
16/08/2024 01:00,4702447908
16/08/2024 02:00,7175710333
16/08/2024 03:00,8490511289
16/08/2024 04:00,9952984681
16/08/2024 05:00,1107278745
16/08/2024 06:00,1146585053
16/08/2024 07:00,1170429328
16/08/2024 08:00,1160135185
16/08/2024 09:00,1301333498
16/08/2024 10:00,1404167352
16/08/2024 11:00,1589007395
16/08/2024 12:00,1564656904
16/08/2024 13:00,1574475936
16/08/2024 14:00,1692559109
16/08/2024 15:00,1769903826
16/08/2024 16:00,1810329524
16/08/2024 17:00,1751329937
16/08/2024 18:00,1618183631
16/08/2024 19:00,1377202592
16/08/2024 20:00,1053195479
16/08/2024 21:00,7121944376
16/08/2024 22:00,4832987948
16/08/2024 23:00,3552283246
17/08/2024 00:00,2822983849
17/08/2024 01:00,3579804367
17/08/2024 02:00,5830972342
17/08/2024 03:00,8125208762
17/08/2024 04:00,9918839193
17/08/2024 05:00,1142084164
17/08/2024 06:00,1244107738
17/08/2024 07:00,1277310263
17/08/2024 08:00,1296920517
17/08/2024 09:00,1324013723
17/08/2024 10:00,141759335
17/08/2024 11:00,1440272935
17/08/2024 12:00,1455849179
17/08/2024 13:00,1442928805
17/08/2024 14:00,1476784257
17/08/2024 15:00,1577697093
17/08/2024 16:00,1667962918
17/08/2024 17:00,1672419758
17/08/2024 18:00,1559412438
17/08/2024 19:00,1378076506
17/08/2024 20:00,1072352882
17/08/2024 21:00,7656941886
17/08/2024 22:00,5244375124
17/08/2024 23:00,3761418134
18/08/2024 00:00,3153478588
18/08/2024 01:00,3646037281
18/08/2024 02:00,5295952854
18/08/2024 03:00,7399365582
18/08/2024 04:00,9177930319
18/08/2024 05:00,1072395744
18/08/2024 06:00,1279994579
18/08/2024 07:00,1356038462
18/08/2024 08:00,1304738655
18/08/2024 09:00,133848525
18/08/2024 10:00,1427598051
18/08/2024 11:00,1487447313
18/08/2024 12:00,1459070033
18/08/2024 13:00,1492427315
18/08/2024 14:00,1513643396
18/08/2024 15:00,1548216361
18/08/2024 16:00,1622972061
18/08/2024 17:00,1635087378
18/08/2024 18:00,1542112232
18/08/2024 19:00,1299594787
18/08/2024 20:00,9327808013
18/08/2024 21:00,6116343529
18/08/2024 22:00,4101543767
18/08/2024 23:00,3018129667
19/08/2024 00:00,2997854794
19/08/2024 01:00,3943431598
19/08/2024 02:00,5607184153
19/08/2024 03:00,6599893332
19/08/2024 04:00,8309701076
19/08/2024 05:00,9117767379
19/08/2024 06:00,96080177
19/08/2024 07:00,9676087421
19/08/2024 08:00,9997811879
19/08/2024 09:00,1097427486
19/08/2024 10:00,1212912982
19/08/2024 11:00,1266394338
19/08/2024 12:00,1284783361
19/08/2024 13:00,131740368
19/08/2024 14:00,1395874947
19/08/2024 15:00,1492209551
19/08/2024 16:00,1846821238
19/08/2024 17:00,1762091406
19/08/2024 18:00,1461966654
19/08/2024 19:00,1228077502
19/08/2024 20:00,8742986568
19/08/2024 21:00,5699083559
19/08/2024 22:00,3842883631
19/08/2024 23:00,2890898214
20/08/2024 00:00,265414016
20/08/2024 01:00,4006859915
20/08/2024 02:00,5721709851
20/08/2024 03:00,6751165366
20/08/2024 04:00,7988565716
20/08/2024 05:00,8564023277
20/08/2024 06:00,9521156451
20/08/2024 07:00,9697247267
20/08/2024 08:00,101399747
20/08/2024 09:00,1105918345
20/08/2024 10:00,1196987156
20/08/2024 11:00,1254037437
20/08/2024 12:00,1278430355
20/08/2024 13:00,1366454254
20/08/2024 14:00,1465896001
20/08/2024 15:00,1528150516
20/08/2024 16:00,1670688399
20/08/2024 17:00,1631936836
20/08/2024 18:00,1435214392
20/08/2024 19:00,1230596957
20/08/2024 20:00,8860799076
20/08/2024 21:00,5926976742
20/08/2024 22:00,4020302653
20/08/2024 23:00,3126981877
21/08/2024 00:00,2989921165
21/08/2024 01:00,4199187042
21/08/2024 02:00,6187334763
21/08/2024 03:00,7115441616
21/08/2024 04:00,8229330792
21/08/2024 05:00,9364559358
21/08/2024 06:00,9971034444
21/08/2024 07:00,1042100077
21/08/2024 08:00,1046721985
21/08/2024 09:00,1118333801
21/08/2024 10:00,1211317824
21/08/2024 11:00,1258237052
21/08/2024 12:00,1335157554
21/08/2024 13:00,135843244
21/08/2024 14:00,1456349455
21/08/2024 15:00,1577530183
21/08/2024 16:00,1718374621
21/08/2024 17:00,159805708
21/08/2024 18:00,1475161652
21/08/2024 19:00,1288047115
21/08/2024 20:00,8992992369
21/08/2024 21:00,5873731897
21/08/2024 22:00,4113879339
21/08/2024 23:00,304433479
22/08/2024 00:00,2777415966
22/08/2024 01:00,4057864268
22/08/2024 02:00,5764633542
22/08/2024 03:00,6974472499
22/08/2024 04:00,8417247639
22/08/2024 05:00,9339928837
22/08/2024 06:00,9751219911
22/08/2024 07:00,9954331562
22/08/2024 08:00,1021494281
22/08/2024 09:00,1131491368
22/08/2024 10:00,1233602582
22/08/2024 11:00,1314398627
22/08/2024 12:00,1301586295
22/08/2024 13:00,1345970199
22/08/2024 14:00,1430395407
22/08/2024 15:00,1555568845
22/08/2024 16:00,1618234862
22/08/2024 17:00,1610095111
22/08/2024 18:00,1501341312
22/08/2024 19:00,1085404391
22/08/2024 20:00,9024335212
22/08/2024 21:00,6026564079
22/08/2024 22:00,4046109965
22/08/2024 23:00,3033452382
23/08/2024 00:00,2950561394
23/08/2024 01:00,4244032148
23/08/2024 02:00,5962887292
23/08/2024 03:00,704883007
23/08/2024 04:00,8273343679
23/08/2024 05:00,9301074176
23/08/2024 06:00,9697696477
23/08/2024 07:00,9959706022
23/08/2024 08:00,1040390579
23/08/2024 09:00,1133733974
23/08/2024 10:00,1239186519
23/08/2024 11:00,1127597978
23/08/2024 12:00,1299156006
23/08/2024 13:00,1337628808
23/08/2024 14:00,1422974664
23/08/2024 15:00,1491082668
23/08/2024 16:00,1568593739
23/08/2024 17:00,1598854006
23/08/2024 18:00,1545649617
23/08/2024 19:00,1306116944
23/08/2024 20:00,9870331512
23/08/2024 21:00,6704207801
23/08/2024 22:00,4588439542
23/08/2024 23:00,3392860936
24/08/2024 00:00,2957206604
24/08/2024 01:00,3914991603
24/08/2024 02:00,6052375369
24/08/2024 03:00,8112938117
24/08/2024 04:00,9993384154
24/08/2024 05:00,1118990004
24/08/2024 06:00,1170351296
24/08/2024 07:00,1235020699
24/08/2024 08:00,1267329605
24/08/2024 09:00,1293171694
24/08/2024 10:00,1382678527
24/08/2024 11:00,1458494976
24/08/2024 12:00,14420658
24/08/2024 13:00,1410457083
24/08/2024 14:00,1455312484
24/08/2024 15:00,1484057312
24/08/2024 16:00,1547569235
24/08/2024 17:00,1560309485
24/08/2024 18:00,1503746475
24/08/2024 19:00,133427164
24/08/2024 20:00,1051587503
24/08/2024 21:00,7385750223
24/08/2024 22:00,5170094844
24/08/2024 23:00,3780513079
25/08/2024 00:00,3187995142
25/08/2024 01:00,3690187469
25/08/2024 02:00,5443580399
25/08/2024 03:00,7477652112
25/08/2024 04:00,928336755
25/08/2024 05:00,1097356874
25/08/2024 06:00,1201000612
25/08/2024 07:00,12721732
25/08/2024 08:00,1283750465
25/08/2024 09:00,1298453883
25/08/2024 10:00,1382677641
25/08/2024 11:00,1452201818
25/08/2024 12:00,147099204
25/08/2024 13:00,1523437876
25/08/2024 14:00,1552744017
25/08/2024 15:00,1584784784
25/08/2024 16:00,163371601
25/08/2024 17:00,1646695399
25/08/2024 18:00,152417452
25/08/2024 19:00,1266196025
25/08/2024 20:00,9056630752
25/08/2024 21:00,5940350327
25/08/2024 22:00,4010993934
25/08/2024 23:00,3057018052
26/08/2024 00:00,2894003625
26/08/2024 01:00,4062307644
26/08/2024 02:00,5868952152
26/08/2024 03:00,6800411172
26/08/2024 04:00,8255435402
26/08/2024 05:00,9062284645
26/08/2024 06:00,9366282695
26/08/2024 07:00,9468945564
26/08/2024 08:00,9873644441
26/08/2024 09:00,1085509171
26/08/2024 10:00,120665821
26/08/2024 11:00,1250350247
26/08/2024 12:00,1264105525
26/08/2024 13:00,1296808143
26/08/2024 14:00,1414306752
26/08/2024 15:00,1511961709
26/08/2024 16:00,1576971478
26/08/2024 17:00,1564773916
26/08/2024 18:00,1465692061
26/08/2024 19:00,1223147641
26/08/2024 20:00,8796266999
26/08/2024 21:00,5742582567
26/08/2024 22:00,3893266286
26/08/2024 23:00,2837423471
27/08/2024 00:00,2749986222
27/08/2024 01:00,4009856171
27/08/2024 02:00,5780438514
27/08/2024 03:00,6954544634
27/08/2024 04:00,8344138212
27/08/2024 05:00,9194839463
27/08/2024 06:00,9369365159
27/08/2024 07:00,9592669464
27/08/2024 08:00,1009092425
27/08/2024 09:00,1106095935
27/08/2024 10:00,1218370707
27/08/2024 11:00,1278507951
27/08/2024 12:00,1284814907
27/08/2024 13:00,1325500572
27/08/2024 14:00,1423995855
27/08/2024 15:00,1522899065
27/08/2024 16:00,1600186207
27/08/2024 17:00,1589616797
27/08/2024 18:00,1501606256
27/08/2024 19:00,1248498678
27/08/2024 20:00,8808054993
27/08/2024 21:00,5950620074
27/08/2024 22:00,4120815889
27/08/2024 23:00,3318481834
28/08/2024 00:00,3341417878
28/08/2024 01:00,4687064793
28/08/2024 02:00,6417373773
28/08/2024 03:00,734761731
28/08/2024 04:00,8510167478
28/08/2024 05:00,9247484544
28/08/2024 06:00,9848897923
28/08/2024 07:00,101223902
28/08/2024 08:00,1042118765
28/08/2024 09:00,1132621351
28/08/2024 10:00,1249932171
28/08/2024 11:00,1302576487
28/08/2024 12:00,1298887804
28/08/2024 13:00,1327888504
28/08/2024 14:00,143125314
28/08/2024 15:00,1529166138
28/08/2024 16:00,16177212
28/08/2024 17:00,1622701725
28/08/2024 18:00,149214461
28/08/2024 19:00,1264641644
28/08/2024 20:00,880109421
28/08/2024 21:00,6098300563
28/08/2024 22:00,413423659
28/08/2024 23:00,3075483186
29/08/2024 00:00,3024215713
29/08/2024 01:00,4277074198
29/08/2024 02:00,6140045385
29/08/2024 03:00,7038268735
29/08/2024 04:00,8559159585
29/08/2024 05:00,9268154699
29/08/2024 06:00,9741404486
29/08/2024 07:00,982206451
29/08/2024 08:00,103954515
29/08/2024 09:00,1122665504
29/08/2024 10:00,1275728534
29/08/2024 11:00,1334856267
29/08/2024 12:00,1300260751
29/08/2024 13:00,1348460662
29/08/2024 14:00,1437339071
29/08/2024 15:00,1509183168
29/08/2024 16:00,159305735
29/08/2024 17:00,1615014286
29/08/2024 18:00,1528554966
29/08/2024 19:00,1325247483
29/08/2024 20:00,1009013638
29/08/2024 21:00,7207108976
29/08/2024 22:00,489571956
29/08/2024 23:00,3793938758
30/08/2024 00:00,3200636662
30/08/2024 01:00,4176931392
30/08/2024 02:00,6203689337
30/08/2024 03:00,8198147175
30/08/2024 04:00,1003115223
30/08/2024 05:00,1179981805
30/08/2024 06:00,128254212
30/08/2024 07:00,1341975173
30/08/2024 08:00,1351245303
30/08/2024 09:00,136638577
30/08/2024 10:00,1431608611
30/08/2024 11:00,1458590644
30/08/2024 12:00,1469783199
30/08/2024 13:00,1482295546
30/08/2024 14:00,1528216819
30/08/2024 15:00,1584507799
30/08/2024 16:00,161716177
30/08/2024 17:00,1632431938
30/08/2024 18:00,1573356808
30/08/2024 19:00,1371717231
30/08/2024 20:00,1047021018
30/08/2024 21:00,7280394955
30/08/2024 22:00,5009157751
30/08/2024 23:00,365618476
31/08/2024 00:00,3119574728
31/08/2024 01:00,3783995412
31/08/2024 02:00,5812175791
31/08/2024 03:00,8018087021
31/08/2024 04:00,9564361735
31/08/2024 05:00,1142283173
31/08/2024 06:00,1222297077
31/08/2024 07:00,1271559609
31/08/2024 08:00,1306495631
31/08/2024 09:00,1294618105
31/08/2024 10:00,1374806661
31/08/2024 11:00,1399101299
31/08/2024 12:00,1422502911
31/08/2024 13:00,1433552183
31/08/2024 14:00,146452875
31/08/2024 15:00,1521913129
31/08/2024 16:00,1558007602
31/08/2024 17:00,1573098053
31/08/2024 18:00,1538714021
31/08/2024 19:00,1359426136
31/08/2024 20:00,9551817095
31/08/2024 21:00,7562305266
31/08/2024 22:00,5171359213
31/08/2024 23:00,3662453715
1/09/2024 00:00,3015786141
1/09/2024 01:00,3668747821
1/09/2024 02:00,5383244525
1/09/2024 03:00,771250912
1/09/2024 04:00,9461659835
1/09/2024 05:00,1116290289
1/09/2024 06:00,1240557903
1/09/2024 07:00,1291164713
1/09/2024 08:00,1303201529
1/09/2024 09:00,1332844431
1/09/2024 10:00,1412980199
1/09/2024 11:00,1477048831
1/09/2024 12:00,1498606416
1/09/2024 13:00,1488816066
1/09/2024 14:00,1502611897
1/09/2024 15:00,1546662874
1/09/2024 16:00,159050294
1/09/2024 17:00,1587019711
1/09/2024 18:00,1480784928
1/09/2024 19:00,1228597649
1/09/2024 20:00,8744724879
1/09/2024 21:00,576247629
1/09/2024 22:00,3826800573
1/09/2024 23:00,2833881081
2/09/2024 00:00,2628056538
2/09/2024 01:00,384313979
2/09/2024 02:00,5491585807
2/09/2024 03:00,659839717
2/09/2024 04:00,7952367614
2/09/2024 05:00,8712214231
2/09/2024 06:00,9255671888
2/09/2024 07:00,9418887141
2/09/2024 08:00,9502800933
2/09/2024 09:00,1037230836
2/09/2024 10:00,1131754705
2/09/2024 11:00,1187830174
2/09/2024 12:00,1206857574
2/09/2024 13:00,1234564437
2/09/2024 14:00,1322013804
2/09/2024 15:00,1421917498
2/09/2024 16:00,1541121641
2/09/2024 17:00,1531961842
2/09/2024 18:00,1435524994
2/09/2024 19:00,1191972345
2/09/2024 20:00,8270246329
2/09/2024 21:00,5486660661
2/09/2024 22:00,3741180571
2/09/2024 23:00,2821090819
3/09/2024 00:00,2930185615
3/09/2024 01:00,4168040666
3/09/2024 02:00,5890614349
3/09/2024 03:00,6870891525
3/09/2024 04:00,7974830674
3/09/2024 05:00,8701843114
3/09/2024 06:00,8992908058
3/09/2024 07:00,909507567
3/09/2024 08:00,9505701344
3/09/2024 09:00,1076184842
3/09/2024 10:00,117342639
3/09/2024 11:00,1221560231
3/09/2024 12:00,1236996761
3/09/2024 13:00,1285328014
3/09/2024 14:00,1384650413
3/09/2024 15:00,1490975378
3/09/2024 16:00,1594664632
3/09/2024 17:00,1564569361
3/09/2024 18:00,1454468027
3/09/2024 19:00,1216620734
3/09/2024 20:00,8528360651
3/09/2024 21:00,5711402968
3/09/2024 22:00,3905432282
3/09/2024 23:00,337548437
4/09/2024 00:00,3072448935
4/09/2024 01:00,4694216162
4/09/2024 02:00,6414217239
4/09/2024 03:00,7553083488
4/09/2024 04:00,8880989617
4/09/2024 05:00,9689563089
4/09/2024 06:00,9900116187
4/09/2024 07:00,1001832191
4/09/2024 08:00,1018771122
4/09/2024 09:00,1134951707
4/09/2024 10:00,1236439057
4/09/2024 11:00,1280098135
4/09/2024 12:00,1284419567
4/09/2024 13:00,1317509454
4/09/2024 14:00,1423241563
4/09/2024 15:00,1543607105
4/09/2024 16:00,1612652438
4/09/2024 17:00,1586747366
4/09/2024 18:00,1480709086
4/09/2024 19:00,1233873918
4/09/2024 20:00,8778371471
4/09/2024 21:00,5857214303
4/09/2024 22:00,39397546
4/09/2024 23:00,2933748493
5/09/2024 00:00,2911195094
5/09/2024 01:00,4202348134
5/09/2024 02:00,5941808957
5/09/2024 03:00,6914074192
5/09/2024 04:00,8283431144
5/09/2024 05:00,9080122841
5/09/2024 06:00,9678850979
5/09/2024 07:00,97177153
5/09/2024 08:00,1012599546
5/09/2024 09:00,1126108224
5/09/2024 10:00,1254302158
5/09/2024 11:00,1273085676
5/09/2024 12:00,127459179
5/09/2024 13:00,1308995295
5/09/2024 14:00,1435706418
5/09/2024 15:00,1534616184
5/09/2024 16:00,1591054093
5/09/2024 17:00,1589474641
5/09/2024 18:00,1445305915
5/09/2024 19:00,1217425157
5/09/2024 20:00,8453937863
5/09/2024 21:00,5864853925
5/09/2024 22:00,4059085044
5/09/2024 23:00,3078202317
6/09/2024 00:00,3047614009
6/09/2024 01:00,4321060746
6/09/2024 02:00,6105618274
6/09/2024 03:00,7073640388
6/09/2024 04:00,846688872
6/09/2024 05:00,933604605
6/09/2024 06:00,9744761186
6/09/2024 07:00,9777923608
6/09/2024 08:00,1009653495
6/09/2024 09:00,1130222809
6/09/2024 10:00,1245387171
6/09/2024 11:00,1245979421
6/09/2024 12:00,1258554966
6/09/2024 13:00,130561121
6/09/2024 14:00,1444356983
6/09/2024 15:00,151063929
6/09/2024 16:00,1507820241
6/09/2024 17:00,1505615723
6/09/2024 18:00,1443354039
6/09/2024 19:00,1290860335
6/09/2024 20:00,9533133667
6/09/2024 21:00,6256628825
6/09/2024 22:00,429864812
6/09/2024 23:00,3342902726
7/09/2024 00:00,2918851432
7/09/2024 01:00,3989701798
7/09/2024 02:00,5855098758
7/09/2024 03:00,7885259453
7/09/2024 04:00,9368086584
7/09/2024 05:00,105678588
7/09/2024 06:00,1144441893
7/09/2024 07:00,1183744852
7/09/2024 08:00,1186473006
7/09/2024 09:00,1262212278
7/09/2024 10:00,1309774271
7/09/2024 11:00,133437617
7/09/2024 12:00,135692743
7/09/2024 13:00,1367585536
7/09/2024 14:00,1408174653
7/09/2024 15:00,1426803093
7/09/2024 16:00,1468527185
7/09/2024 17:00,1482172792
7/09/2024 18:00,1356103399
7/09/2024 19:00,1240372235
7/09/2024 20:00,9751564768
7/09/2024 21:00,6908139767
7/09/2024 22:00,4723977876
7/09/2024 23:00,3524469509
8/09/2024 00:00,2983741238
8/09/2024 01:00,357563606
8/09/2024 02:00,5278230102
8/09/2024 03:00,7306288125
8/09/2024 04:00,872263374
8/09/2024 05:00,1022418527
8/09/2024 06:00,1137487428
8/09/2024 07:00,1201394045
8/09/2024 08:00,1231422872
8/09/2024 09:00,1274667173
8/09/2024 10:00,1348261072
8/09/2024 11:00,1367556499
8/09/2024 12:00,1395448244
8/09/2024 13:00,1440266031
8/09/2024 14:00,1480320754
8/09/2024 15:00,1517296355
8/09/2024 16:00,1566431999
8/09/2024 17:00,1556383391
8/09/2024 18:00,1454785194
8/09/2024 19:00,1210920039
8/09/2024 20:00,8538425455
8/09/2024 21:00,5695688281
8/09/2024 22:00,38278979
8/09/2024 23:00,2796445083
9/09/2024 00:00,2759101353
9/09/2024 01:00,4043923365
9/09/2024 02:00,5704149169
9/09/2024 03:00,6781523589
9/09/2024 04:00,8097677565
9/09/2024 05:00,903276188
9/09/2024 06:00,9510445
9/09/2024 07:00,9604052762
9/09/2024 08:00,9642804256
9/09/2024 09:00,1072372439
9/09/2024 10:00,1187083584
9/09/2024 11:00,122376288
9/09/2024 12:00,1219196108
9/09/2024 13:00,1255385561
9/09/2024 14:00,1380578228
9/09/2024 15:00,1468037626
9/09/2024 16:00,1559946272
9/09/2024 17:00,1555214741
9/09/2024 18:00,1438349243
9/09/2024 19:00,1164137467
9/09/2024 20:00,8178435827
9/09/2024 21:00,5325108864
9/09/2024 22:00,3272779221
9/09/2024 23:00,2825178525
10/09/2024 00:00,2804958107
10/09/2024 01:00,44475847
10/09/2024 02:00,6203201654
10/09/2024 03:00,6510379501
10/09/2024 04:00,836416705
10/09/2024 05:00,9259870018
10/09/2024 06:00,9617728081
10/09/2024 07:00,9865568786
10/09/2024 08:00,9946202984
10/09/2024 09:00,1131159242
10/09/2024 10:00,1268937333
10/09/2024 11:00,1350074111
10/09/2024 12:00,1385322054
10/09/2024 13:00,1368377732
10/09/2024 14:00,1409721672
10/09/2024 15:00,1524844239
10/09/2024 16:00,1616055946
10/09/2024 17:00,1554245003
10/09/2024 18:00,1437126114
10/09/2024 19:00,1182462453
10/09/2024 20:00,823661316
10/09/2024 21:00,5459015555
10/09/2024 22:00,3764398082
10/09/2024 23:00,2931234965
11/09/2024 00:00,280893601
11/09/2024 01:00,4076981677
11/09/2024 02:00,5861784031
11/09/2024 03:00,7003522707
11/09/2024 04:00,8453754952
11/09/2024 05:00,8978403881
11/09/2024 06:00,9439761941
11/09/2024 07:00,9509779851
11/09/2024 08:00,9691178917
11/09/2024 09:00,1060535939
11/09/2024 10:00,1158809186
11/09/2024 11:00,1186154285
11/09/2024 12:00,1200512865
11/09/2024 13:00,1275057678
11/09/2024 14:00,1393929298
11/09/2024 15:00,1502671269
11/09/2024 16:00,1571523739
11/09/2024 17:00,1561475066
11/09/2024 18:00,1446749988
11/09/2024 19:00,1203367583
11/09/2024 20:00,838565402
11/09/2024 21:00,5568285773
11/09/2024 22:00,3866738637
11/09/2024 23:00,2990439661
12/09/2024 00:00,2849295774
12/09/2024 01:00,428210165
12/09/2024 02:00,6109442713
12/09/2024 03:00,7040395088
12/09/2024 04:00,8341851127
12/09/2024 05:00,8787857712
12/09/2024 06:00,9190929651
12/09/2024 07:00,943151057
12/09/2024 08:00,9814262957
12/09/2024 09:00,1058085163
12/09/2024 10:00,1166065871
12/09/2024 11:00,1234383777
12/09/2024 12:00,1257642348
12/09/2024 13:00,1300344814
12/09/2024 14:00,1381258443
12/09/2024 15:00,1469925288
12/09/2024 16:00,1573228615
12/09/2024 17:00,1550734391
12/09/2024 18:00,1443616352
12/09/2024 19:00,1187082761
12/09/2024 20:00,8472004363
12/09/2024 21:00,5645376756
12/09/2024 22:00,3976879553
12/09/2024 23:00,3054391055
13/09/2024 00:00,308214329
13/09/2024 01:00,4465943264
13/09/2024 02:00,6348438779
13/09/2024 03:00,7295109457
13/09/2024 04:00,8456969662
13/09/2024 05:00,9069483397
13/09/2024 06:00,9629778003
13/09/2024 07:00,9856873971
13/09/2024 08:00,1017341863
13/09/2024 09:00,1101618624
13/09/2024 10:00,1184966629
13/09/2024 11:00,1225265755
13/09/2024 12:00,1237068546
13/09/2024 13:00,1249390349
13/09/2024 14:00,136181142
13/09/2024 15:00,1461312856
13/09/2024 16:00,1524453389
13/09/2024 17:00,1561069745
13/09/2024 18:00,1444596821
13/09/2024 19:00,1240827034
13/09/2024 20:00,9249999502
13/09/2024 21:00,641604861
13/09/2024 22:00,4317152656
13/09/2024 23:00,3173064077
14/09/2024 00:00,2814568102
14/09/2024 01:00,3952356828
14/09/2024 02:00,6141243548
14/09/2024 03:00,7938011396
14/09/2024 04:00,9645817716
14/09/2024 05:00,1104903198
14/09/2024 06:00,1153626763
14/09/2024 07:00,1187650696
14/09/2024 08:00,121507264
14/09/2024 09:00,1267126529
14/09/2024 10:00,1337684301
14/09/2024 11:00,1365547643
14/09/2024 12:00,1356267107
14/09/2024 13:00,1345446207
14/09/2024 14:00,1480063797
14/09/2024 15:00,1569052386
14/09/2024 16:00,1600240095
14/09/2024 17:00,1502050419
14/09/2024 18:00,144458253
14/09/2024 19:00,1239697684
14/09/2024 20:00,9787646363
14/09/2024 21:00,673221166
14/09/2024 22:00,4756303834
14/09/2024 23:00,3502957967
15/09/2024 00:00,2972697964
15/09/2024 01:00,3887196472
15/09/2024 02:00,577597737
15/09/2024 03:00,7560022442
15/09/2024 04:00,9502988371
15/09/2024 05:00,1089080672
15/09/2024 06:00,1192631146
15/09/2024 07:00,1225151641
15/09/2024 08:00,1325608055
15/09/2024 09:00,138885557
15/09/2024 10:00,1418289134
15/09/2024 11:00,1384318101
15/09/2024 12:00,1430554698
15/09/2024 13:00,1450385608
15/09/2024 14:00,14772657
15/09/2024 15:00,1512407771
15/09/2024 16:00,1562281377
15/09/2024 17:00,1501522309
15/09/2024 18:00,1430528703
15/09/2024 19:00,1175433261
15/09/2024 20:00,8235414936
15/09/2024 21:00,5348561713
15/09/2024 22:00,3568169805
15/09/2024 23:00,2638927281
16/09/2024 00:00,2775043897
16/09/2024 01:00,402301817
16/09/2024 02:00,5615808356
16/09/2024 03:00,6720950327
16/09/2024 04:00,7916432768
16/09/2024 05:00,8646361273
16/09/2024 06:00,9155310351
16/09/2024 07:00,9435066898
16/09/2024 08:00,9694222556
16/09/2024 09:00,1077889666
16/09/2024 10:00,1177775081
16/09/2024 11:00,1227736113
16/09/2024 12:00,123104833
16/09/2024 13:00,1266818428
16/09/2024 14:00,1388088443
16/09/2024 15:00,1497093217
16/09/2024 16:00,1567221301
16/09/2024 17:00,1533667593
16/09/2024 18:00,1415289962
16/09/2024 19:00,1179881634
16/09/2024 20:00,8312442075
16/09/2024 21:00,5424907055
16/09/2024 22:00,3672434644
16/09/2024 23:00,3168337618
17/09/2024 00:00,279697449
17/09/2024 01:00,435414551
17/09/2024 02:00,6281528019
17/09/2024 03:00,7486155355
17/09/2024 04:00,8562590421
17/09/2024 05:00,9278503899
17/09/2024 06:00,9799117919
17/09/2024 07:00,1022431292
17/09/2024 08:00,108823753
17/09/2024 09:00,1241779385
17/09/2024 10:00,1332571938
17/09/2024 11:00,1379233747
17/09/2024 12:00,1335101312
17/09/2024 13:00,1334341378
17/09/2024 14:00,1460550463
17/09/2024 15:00,1594010508
17/09/2024 16:00,1650527139
17/09/2024 17:00,160789726
17/09/2024 18:00,1449808276
17/09/2024 19:00,1184732037
17/09/2024 20:00,8362170671
17/09/2024 21:00,5538935856
17/09/2024 22:00,3813521837
17/09/2024 23:00,2992567962
18/09/2024 00:00,3252547225
18/09/2024 01:00,4721163942
18/09/2024 02:00,6357354705
18/09/2024 03:00,7201531343
18/09/2024 04:00,8293675798
18/09/2024 05:00,888437595
18/09/2024 06:00,9499693376
18/09/2024 07:00,9690357836
18/09/2024 08:00,1090738441
18/09/2024 09:00,1239983892
18/09/2024 10:00,131478412
18/09/2024 11:00,1307516758
18/09/2024 12:00,1285383155
18/09/2024 13:00,1314473761
18/09/2024 14:00,1434627455
18/09/2024 15:00,1559190028
18/09/2024 16:00,1637836697
18/09/2024 17:00,161023513
18/09/2024 18:00,1462167092
18/09/2024 19:00,1195867945
18/09/2024 20:00,8499817793
18/09/2024 21:00,5670414904
18/09/2024 22:00,3896171671
18/09/2024 23:00,288700391
19/09/2024 00:00,27931997
19/09/2024 01:00,4386349529
19/09/2024 02:00,6017056218
19/09/2024 03:00,706533177
19/09/2024 04:00,8196831867
19/09/2024 05:00,9050228834
19/09/2024 06:00,9414482199
19/09/2024 07:00,954208971
19/09/2024 08:00,9899943369
19/09/2024 09:00,1121178404
19/09/2024 10:00,1244958291
19/09/2024 11:00,126568073
19/09/2024 12:00,1253687075
19/09/2024 13:00,1289427817
19/09/2024 14:00,1378232439
19/09/2024 15:00,1482370843
19/09/2024 16:00,1588797044
19/09/2024 17:00,1500560622
19/09/2024 18:00,1411849475
19/09/2024 19:00,1175964079
19/09/2024 20:00,8600965863
19/09/2024 21:00,5674482557
19/09/2024 22:00,3853840131
19/09/2024 23:00,285310481
20/09/2024 00:00,2859106879
20/09/2024 01:00,4387213612
20/09/2024 02:00,6161900562
20/09/2024 03:00,7187229974
20/09/2024 04:00,8213657167
20/09/2024 05:00,8820508296
20/09/2024 06:00,9133393665
20/09/2024 07:00,9138639408
20/09/2024 08:00,9379592176
20/09/2024 09:00,1043346376
20/09/2024 10:00,113660306
20/09/2024 11:00,1193555174
20/09/2024 12:00,1206505503
20/09/2024 13:00,1244256387
20/09/2024 14:00,1327076377
20/09/2024 15:00,1415281181
20/09/2024 16:00,1501376606
20/09/2024 17:00,1483860763
20/09/2024 18:00,1419231038
20/09/2024 19:00,1195517619
20/09/2024 20:00,8938776095
20/09/2024 21:00,6120751318
20/09/2024 22:00,4103315288
20/09/2024 23:00,3030204256
21/09/2024 00:00,2870383965
21/09/2024 01:00,4061851939
21/09/2024 02:00,6164492781
21/09/2024 03:00,8192998033
21/09/2024 04:00,9887844214
21/09/2024 05:00,1072916459
21/09/2024 06:00,1113118175
21/09/2024 07:00,1140546033
21/09/2024 08:00,1165743533
21/09/2024 09:00,1219594757
21/09/2024 10:00,1291975872
21/09/2024 11:00,1326592008
21/09/2024 12:00,1280556021
21/09/2024 13:00,1305773193
21/09/2024 14:00,1345364616
21/09/2024 15:00,1413096056
21/09/2024 16:00,1476917899
21/09/2024 17:00,1472943072
21/09/2024 18:00,1368374028
21/09/2024 19:00,1187912149
21/09/2024 20:00,9310467459
21/09/2024 21:00,6483995783
21/09/2024 22:00,4434520022
21/09/2024 23:00,3253513457
22/09/2024 00:00,2773395621
22/09/2024 01:00,3546348153
22/09/2024 02:00,5500732265
22/09/2024 03:00,7535632852
22/09/2024 04:00,9032290469
22/09/2024 05:00,101844786
22/09/2024 06:00,1165615125
22/09/2024 07:00,1260739742
22/09/2024 08:00,124555211
22/09/2024 09:00,1238688087
22/09/2024 10:00,1304582452
22/09/2024 11:00,1392543559
22/09/2024 12:00,1408263744
22/09/2024 13:00,1433952964
22/09/2024 14:00,1470257977
22/09/2024 15:00,1478747971
22/09/2024 16:00,1520550755
22/09/2024 17:00,1518276961
22/09/2024 18:00,1402580175
22/09/2024 19:00,1167478652
22/09/2024 20:00,1077150716
22/09/2024 21:00,5042021574
22/09/2024 22:00,5042021574
22/09/2024 23:00,3853127647
23/09/2024 00:00,2774360709
23/09/2024 01:00,8762649426
23/09/2024 02:00,3853127647
23/09/2024 03:00,9124738019
23/09/2024 04:00,8216395608
23/09/2024 05:00,8762649426
23/09/2024 06:00,9002181224
23/09/2024 07:00,9124738019
23/09/2024 08:00,9416332338
23/09/2024 09:00,1028580381
23/09/2024 10:00,1140959662
23/09/2024 11:00,1173106377
23/09/2024 12:00,1191971969
23/09/2024 13:00,1235947278
23/09/2024 14:00,1335067239
23/09/2024 15:00,1417091712
23/09/2024 16:00,1517155223
23/09/2024 17:00,1511772841
23/09/2024 18:00,1365754916
23/09/2024 19:00,1134010991
23/09/2024 20:00,7873935466
23/09/2024 21:00,5194984655
23/09/2024 22:00,3534882823
23/09/2024 23:00,2804292123
24/09/2024 00:00,268902391
24/09/2024 01:00,4094714094
24/09/2024 02:00,602001226
24/09/2024 03:00,7048610574
24/09/2024 04:00,8213811816
24/09/2024 05:00,8983860819
24/09/2024 06:00,9419698656
24/09/2024 07:00,952011689
24/09/2024 08:00,9724448476
24/09/2024 09:00,1091042206
24/09/2024 10:00,1204924443
24/09/2024 11:00,1229990849
24/09/2024 12:00,1235954211
24/09/2024 13:00,12647547
24/09/2024 14:00,1351327832
24/09/2024 15:00,1496403661
24/09/2024 16:00,1572893238
24/09/2024 17:00,1521906439
24/09/2024 18:00,1394343883
24/09/2024 19:00,1131313836
24/09/2024 20:00,7949295189
24/09/2024 21:00,5519605564
24/09/2024 22:00,3852951494
24/09/2024 23:00,2897390591
25/09/2024 00:00,283471361
25/09/2024 01:00,4316129241
25/09/2024 02:00,6008092046
25/09/2024 03:00,706195009
25/09/2024 04:00,8314316998
25/09/2024 05:00,9001728442
25/09/2024 06:00,9410153885
25/09/2024 07:00,9567305682
25/09/2024 08:00,9807312768
25/09/2024 09:00,1103191384
25/09/2024 10:00,1221118664
25/09/2024 11:00,1257406053
25/09/2024 12:00,1257434393
25/09/2024 13:00,1295360648
25/09/2024 14:00,1388245531
25/09/2024 15:00,1483616045
25/09/2024 16:00,158146874
25/09/2024 17:00,1561520091
25/09/2024 18:00,1434824715
25/09/2024 19:00,1201978693
25/09/2024 20:00,8456986101
25/09/2024 21:00,5726718903
25/09/2024 22:00,3938005448
25/09/2024 23:00,2923966011
26/09/2024 00:00,2946100377
26/09/2024 01:00,4483153754
26/09/2024 02:00,6374131508
26/09/2024 03:00,8457828185
26/09/2024 04:00,1013357906
26/09/2024 05:00,1105580297
26/09/2024 06:00,1152710919
26/09/2024 07:00,1150565901
26/09/2024 08:00,1165822462
26/09/2024 09:00,1241680899
26/09/2024 10:00,1332671194
26/09/2024 11:00,1359633473
26/09/2024 12:00,1361375383
26/09/2024 13:00,1407504096
26/09/2024 14:00,1492318472
26/09/2024 15:00,1560893475
26/09/2024 16:00,162035774
26/09/2024 17:00,158401141
26/09/2024 18:00,1450497368
26/09/2024 19:00,1198660555
26/09/2024 20:00,851486597
26/09/2024 21:00,5841390249
26/09/2024 22:00,3854855034
26/09/2024 23:00,2938001975
27/09/2024 00:00,2839241886
27/09/2024 01:00,4324722442
27/09/2024 02:00,6076278135
27/09/2024 03:00,759909082
27/09/2024 04:00,8757366874
27/09/2024 05:00,9358648643
27/09/2024 06:00,9911504645
27/09/2024 07:00,9892894714
27/09/2024 08:00,1021291379
27/09/2024 09:00,1115145729
27/09/2024 10:00,1203086113
27/09/2024 11:00,1240248924
27/09/2024 12:00,1259370832
27/09/2024 13:00,1297328704
27/09/2024 14:00,1407606409
27/09/2024 15:00,1465893879
27/09/2024 16:00,1498620778
27/09/2024 17:00,1493587364
27/09/2024 18:00,1415585936
27/09/2024 19:00,1218463697
27/09/2024 20:00,9142136868
27/09/2024 21:00,6380826916
27/09/2024 22:00,4252459967
27/09/2024 23:00,3089417989
28/09/2024 00:00,2758023592
28/09/2024 01:00,403355452
28/09/2024 02:00,6164223334
28/09/2024 03:00,7950971753
28/09/2024 04:00,9677108086
28/09/2024 05:00,1045362416
28/09/2024 06:00,113854355
28/09/2024 07:00,1162604406
28/09/2024 08:00,1208069572
28/09/2024 09:00,1217643081
28/09/2024 10:00,1312567338
28/09/2024 11:00,1344225702
28/09/2024 12:00,1349623829
28/09/2024 13:00,1384148537
28/09/2024 14:00,1422409622
28/09/2024 15:00,1468015034
28/09/2024 16:00,157470026
28/09/2024 17:00,1631478645
28/09/2024 18:00,148886995
28/09/2024 19:00,1235482862
28/09/2024 20:00,9835814348
28/09/2024 21:00,6885731662
28/09/2024 22:00,4774314375
28/09/2024 23:00,3451105941
29/09/2024 00:00,2906157833
29/09/2024 01:00,3863477939
29/09/2024 02:00,5567204933
29/09/2024 03:00,7185108305
29/09/2024 04:00,8890625289
29/09/2024 05:00,100997484
29/09/2024 06:00,1145364203
29/09/2024 07:00,1197131367
29/09/2024 08:00,121040105
29/09/2024 09:00,1255683913
29/09/2024 10:00,1355727786
29/09/2024 11:00,1435480673
29/09/2024 12:00,1439612151
29/09/2024 13:00,143463375
29/09/2024 14:00,1463247336
29/09/2024 15:00,1476712773
29/09/2024 16:00,1533956732
29/09/2024 17:00,1534849175
29/09/2024 18:00,1404540535
29/09/2024 19:00,1184699082
29/09/2024 20:00,8293588374
29/09/2024 21:00,5345630816
29/09/2024 22:00,3561435818
29/09/2024 23:00,2721644347
30/09/2024 00:00,2836212725
30/09/2024 01:00,4188935873
30/09/2024 02:00,5806699688
30/09/2024 03:00,6748770026
30/09/2024 04:00,796431508
30/09/2024 05:00,8672766713
30/09/2024 06:00,9038731356
30/09/2024 07:00,9179900703
30/09/2024 08:00,9398948216
30/09/2024 09:00,1049706298
30/09/2024 10:00,113663339
30/09/2024 11:00,1186762718
30/09/2024 12:00,1206583454
30/09/2024 13:00,1251722368
30/09/2024 14:00,1332995576
30/09/2024 15:00,1433249642
30/09/2024 16:00,1487694058
30/09/2024 17:00,1483068949
30/09/2024 18:00,1391543149
30/09/2024 19:00,1181411685
30/09/2024 20:00,7959070776
30/09/2024 21:00,5226287681
30/09/2024 22:00,3644904552
30/09/2024 23:00,335570959
1/10/2024 00:00,8458385415
1/10/2024 01:00,564867559
1/10/2024 02:00,3677272416
1/10/2024 03:00,3060471322
1/10/2024 04:00,2603058068
1/10/2024 05:00,2968178494
1/10/2024 06:00,4889360865
1/10/2024 07:00,5894189238
1/10/2024 08:00,7095626778
1/10/2024 09:00,8022035929
1/10/2024 10:00,8403982821
1/10/2024 11:00,8669126863
1/10/2024 12:00,8855342122
1/10/2024 13:00,9494157127
1/10/2024 14:00,1065165851
1/10/2024 15:00,1141684689
1/10/2024 16:00,1128906482
1/10/2024 17:00,1118146755
1/10/2024 18:00,1181631898
1/10/2024 19:00,1259752822
1/10/2024 20:00,1330587586
1/10/2024 21:00,1360439323
1/10/2024 22:00,1289683062
1/10/2024 23:00,1140057975
2/10/2024 00:00,8592893643
2/10/2024 01:00,5793680088
2/10/2024 02:00,3853456836
2/10/2024 03:00,2976666337
2/10/2024 04:00,2538935961
2/10/2024 05:00,3302846874
2/10/2024 06:00,4797756551
2/10/2024 07:00,581632055
2/10/2024 08:00,6810939386
2/10/2024 09:00,7391348587
2/10/2024 10:00,7940434465
2/10/2024 11:00,8284799801
2/10/2024 12:00,8351378266
2/10/2024 13:00,8896622651
2/10/2024 14:00,1022563908
2/10/2024 15:00,1106387835
2/10/2024 16:00,1088337035
2/10/2024 17:00,1077603546
2/10/2024 18:00,1134400583
2/10/2024 19:00,123095241
2/10/2024 20:00,1317601311
2/10/2024 21:00,1343504771
2/10/2024 22:00,1305376436
2/10/2024 23:00,1124763436
3/10/2024 00:00,8708225163
3/10/2024 01:00,5681709242
3/10/2024 02:00,3706715451
3/10/2024 03:00,2778212869
3/10/2024 04:00,2399733701
3/10/2024 05:00,3092529349
3/10/2024 06:00,482680444
3/10/2024 07:00,5751062344
3/10/2024 08:00,6942349797
3/10/2024 09:00,7710851956
3/10/2024 10:00,7958830032
3/10/2024 11:00,8431474129
3/10/2024 12:00,8506676445
3/10/2024 13:00,9275227013
3/10/2024 14:00,1030497383
3/10/2024 15:00,1078606255
3/10/2024 16:00,1065481135
3/10/2024 17:00,1098768359
3/10/2024 18:00,1149345678
3/10/2024 19:00,1243121666
3/10/2024 20:00,1306141158
3/10/2024 21:00,1335119692
3/10/2024 22:00,1266204753
3/10/2024 23:00,1097076239
4/10/2024 00:00,8398324286
4/10/2024 01:00,5873451288
4/10/2024 02:00,3985687139
4/10/2024 03:00,281778665
4/10/2024 04:00,2454610696
4/10/2024 05:00,320650621
4/10/2024 06:00,500658366
4/10/2024 07:00,587891027
4/10/2024 08:00,6876736622
4/10/2024 09:00,7790747509
4/10/2024 10:00,8103157736
4/10/2024 11:00,8376459557
4/10/2024 12:00,842455383
4/10/2024 13:00,9046239663
4/10/2024 14:00,9932769576
4/10/2024 15:00,104257382
4/10/2024 16:00,1069915575
4/10/2024 17:00,1037746522
4/10/2024 18:00,1085169178
4/10/2024 19:00,1176992896
4/10/2024 20:00,1241266935
4/10/2024 21:00,1274254407
4/10/2024 22:00,1224389178
4/10/2024 23:00,1098795181
5/10/2024 00:00,8875915996
5/10/2024 01:00,6193956031
5/10/2024 02:00,4065166621
5/10/2024 03:00,301028207
5/10/2024 04:00,2495620125
5/10/2024 05:00,2813421433
5/10/2024 06:00,4458437135
5/10/2024 07:00,6234065152
5/10/2024 08:00,7840767619
5/10/2024 09:00,9062143689
5/10/2024 10:00,9862391742
5/10/2024 11:00,1007985844
5/10/2024 12:00,104888126
5/10/2024 13:00,1080861844
5/10/2024 14:00,1133747936
5/10/2024 15:00,1175528163
5/10/2024 16:00,1171169223
5/10/2024 17:00,1192668247
5/10/2024 18:00,1237550865
5/10/2024 19:00,1250795878
5/10/2024 20:00,1277570392
5/10/2024 21:00,1334153574
5/10/2024 22:00,1295037714
5/10/2024 23:00,1176381736
6/10/2024 00:00,9443954746
6/10/2024 01:00,6717644511
6/10/2024 02:00,4708889842
6/10/2024 03:00,3482169522
6/10/2024 04:00,2759664773
6/10/2024 05:00,2816860169
6/10/2024 06:00,415767639
6/10/2024 07:00,5744297886
6/10/2024 08:00,7788436529
6/10/2024 09:00,9297650796
6/10/2024 10:00,1023238475
6/10/2024 11:00,1063021557
6/10/2024 12:00,1091777457
6/10/2024 13:00,1102320446
6/10/2024 14:00,112880307
6/10/2024 15:00,1179824225
6/10/2024 16:00,1216481256
6/10/2024 17:00,123129228
6/10/2024 18:00,1272811816
6/10/2024 19:00,1305412719
6/10/2024 20:00,1338037734
6/10/2024 21:00,1355848294
6/10/2024 22:00,1307382227
6/10/2024 23:00,1151941485
7/10/2024 00:00,8811
7/10/2024 01:00,6017
7/10/2024 02:00,4033
7/10/2024 03:00,2882
7/10/2024 04:00,2381
7/10/2024 05:00,3176
7/10/2024 06:00,4577
7/10/2024 07:00,593
7/10/2024 08:00,7291
7/10/2024 09:00,8488
7/10/2024 10:00,9084
7/10/2024 11:00,9449
7/10/2024 12:00,973
7/10/2024 13:00,10014
7/10/2024 14:00,1042
7/10/2024 15:00,10897
7/10/2024 16:00,11558
7/10/2024 17:00,11853
7/10/2024 18:00,1188
7/10/2024 19:00,12654
7/10/2024 20:00,13434
7/10/2024 21:00,13824
7/10/2024 22:00,13202
7/10/2024 23:00,11988
8/10/2024 00:00,9521
8/10/2024 01:00,664
8/10/2024 02:00,452
8/10/2024 03:00,3309
8/10/2024 04:00,2689
8/10/2024 05:00,3032
8/10/2024 06:00,4508
8/10/2024 07:00,6247
8/10/2024 08:00,8004
8/10/2024 09:00,9605
8/10/2024 10:00,10787
8/10/2024 11:00,11341
8/10/2024 12:00,11862
8/10/2024 13:00,11342
8/10/2024 14:00,1207
8/10/2024 15:00,12665
8/10/2024 16:00,12936
8/10/2024 17:00,13548
8/10/2024 18:00,13622
8/10/2024 19:00,14063
8/10/2024 20:00,14515
8/10/2024 21:00,14734
8/10/2024 22:00,14219
8/10/2024 23:00,12414
9/10/2024 00:00,9531
9/10/2024 01:00,6501
9/10/2024 02:00,424
9/10/2024 03:00,3097
9/10/2024 04:00,269
9/10/2024 05:00,3245
9/10/2024 06:00,5024
9/10/2024 07:00,649
9/10/2024 08:00,7757
9/10/2024 09:00,861
9/10/2024 10:00,8775
9/10/2024 11:00,8901
9/10/2024 12:00,8843
9/10/2024 13:00,9483
9/10/2024 14:00,10361
9/10/2024 15:00,10782
9/10/2024 16:00,11224
9/10/2024 17:00,11312
9/10/2024 18:00,11968
9/10/2024 19:00,13119
9/10/2024 20:00,13818
9/10/2024 21:00,14308
9/10/2024 22:00,13979
9/10/2024 23:00,12168
10/10/2024 00:00,9401
10/10/2024 01:00,6384
10/10/2024 02:00,4274
10/10/2024 03:00,3096
10/10/2024 04:00,263
10/10/2024 05:00,3324
10/10/2024 06:00,5019
10/10/2024 07:00,7646
10/10/2024 08:00,9888
10/10/2024 09:00,11223
10/10/2024 10:00,11804
10/10/2024 11:00,1213
10/10/2024 12:00,1195
10/10/2024 13:00,12307
10/10/2024 14:00,12811
10/10/2024 15:00,13451
10/10/2024 16:00,1349
10/10/2024 17:00,14065
10/10/2024 18:00,1381
10/10/2024 19:00,1467
10/10/2024 20:00,1504
10/10/2024 21:00,1498
10/10/2024 22:00,14307
10/10/2024 23:00,12319
11/10/2024 00:00,9419
11/10/2024 01:00,6463
11/10/2024 02:00,4479
11/10/2024 03:00,3138
11/10/2024 04:00,2565
11/10/2024 05:00,3175
11/10/2024 06:00,459
11/10/2024 07:00,6714
11/10/2024 08:00,9013
11/10/2024 09:00,10198
11/10/2024 10:00,10518
11/10/2024 11:00,11091
11/10/2024 12:00,10988
11/10/2024 13:00,11294
11/10/2024 14:00,11872
11/10/2024 15:00,12144
11/10/2024 16:00,12148
11/10/2024 17:00,12056
11/10/2024 18:00,12357
11/10/2024 19:00,1296
11/10/2024 20:00,13241
11/10/2024 21:00,13221
11/10/2024 22:00,12898
11/10/2024 23:00,12122
12/10/2024 00:00,9756
12/10/2024 01:00,769
12/10/2024 02:00,5291
12/10/2024 03:00,3485
12/10/2024 04:00,2901
12/10/2024 05:00,3236
12/10/2024 06:00,4832
12/10/2024 07:00,6526
12/10/2024 08:00,8325
12/10/2024 09:00,988
12/10/2024 10:00,10836
12/10/2024 11:00,11236
12/10/2024 12:00,11248
12/10/2024 13:00,11601
12/10/2024 14:00,12152
12/10/2024 15:00,12759
12/10/2024 16:00,12826
12/10/2024 17:00,1297
12/10/2024 18:00,13007
12/10/2024 19:00,13067
12/10/2024 20:00,13606
12/10/2024 21:00,13726
12/10/2024 22:00,1343
12/10/2024 23:00,12189
13/10/2024 00:00,10065
13/10/2024 01:00,7436
13/10/2024 02:00,5032
13/10/2024 03:00,3686
13/10/2024 04:00,2991
13/10/2024 05:00,3028
13/10/2024 06:00,4203
13/10/2024 07:00,5593
13/10/2024 08:00,7308
13/10/2024 09:00,8593
13/10/2024 10:00,9693
13/10/2024 11:00,1063
13/10/2024 12:00,11183
13/10/2024 13:00,11317
13/10/2024 14:00,11724
13/10/2024 15:00,12408
13/10/2024 16:00,12554
13/10/2024 17:00,12636
13/10/2024 18:00,1298
13/10/2024 19:00,13141
13/10/2024 20:00,13444
13/10/2024 21:00,13742
13/10/2024 22:00,1318
13/10/2024 23:00,11433
14/10/2024 00:00,8957
14/10/2024 01:00,6121
14/10/2024 02:00,4026
14/10/2024 03:00,2987
14/10/2024 04:00,2554
14/10/2024 05:00,313
14/10/2024 06:00,4524
14/10/2024 07:00,5683
14/10/2024 08:00,6902
14/10/2024 09:00,7737
14/10/2024 10:00,8296
14/10/2024 11:00,8432
14/10/2024 12:00,8631
14/10/2024 13:00,9283
14/10/2024 14:00,10346
14/10/2024 15:00,11011
14/10/2024 16:00,10889
14/10/2024 17:00,10974
14/10/2024 18:00,1168
14/10/2024 19:00,12616
14/10/2024 20:00,1327
14/10/2024 21:00,13709
14/10/2024 22:00,13377
14/10/2024 23:00,11625
15/10/2024 00:00,8933
15/10/2024 01:00,5907
15/10/2024 02:00,3905
15/10/2024 03:00,2908
15/10/2024 04:00,2581
15/10/2024 05:00,338
15/10/2024 06:00,5017
15/10/2024 07:00,5868
15/10/2024 08:00,6921
15/10/2024 09:00,7729
15/10/2024 10:00,8337
15/10/2024 11:00,8587
15/10/2024 12:00,8584
15/10/2024 13:00,9504
15/10/2024 14:00,10407
15/10/2024 15:00,11124
15/10/2024 16:00,11351
15/10/2024 17:00,11386
15/10/2024 18:00,12024
15/10/2024 19:00,12878
15/10/2024 20:00,13511
15/10/2024 21:00,14089
15/10/2024 22:00,13454
15/10/2024 23:00,11892
16/10/2024 00:00,9177
16/10/2024 01:00,6348
16/10/2024 02:00,4045
16/10/2024 03:00,2937
16/10/2024 04:00,2469
16/10/2024 05:00,3183
16/10/2024 06:00,4842
16/10/2024 07:00,5849
16/10/2024 08:00,6914
16/10/2024 09:00,7711
16/10/2024 10:00,8213
16/10/2024 11:00,8486
16/10/2024 12:00,8537
16/10/2024 13:00,9118
16/10/2024 14:00,9841
16/10/2024 15:00,10415
16/10/2024 16:00,10904
16/10/2024 17:00,1088
16/10/2024 18:00,11655
16/10/2024 19:00,12402
16/10/2024 20:00,13338
16/10/2024 21:00,13757
16/10/2024 22:00,13617
16/10/2024 23:00,1232
17/10/2024 00:00,9702
17/10/2024 01:00,6744
17/10/2024 02:00,4242
17/10/2024 03:00,2979
17/10/2024 04:00,2464
17/10/2024 05:00,3179
17/10/2024 06:00,4785
17/10/2024 07:00,5845
17/10/2024 08:00,6842
17/10/2024 09:00,7837
17/10/2024 10:00,832
17/10/2024 11:00,8567
17/10/2024 12:00,861
17/10/2024 13:00,9183
17/10/2024 14:00,9865
17/10/2024 15:00,10638
17/10/2024 16:00,1100
17/10/2024 17:00,10966
17/10/2024 18:00,11555
17/10/2024 19:00,12677
17/10/2024 20:00,13334
17/10/2024 21:00,14009
17/10/2024 22:00,13542
17/10/2024 23:00,12131
18/10/2024 00:00,9993
18/10/2024 01:00,6743
18/10/2024 02:00,4456
18/10/2024 03:00,3063
18/10/2024 04:00,2506
18/10/2024 05:00,3259
18/10/2024 06:00,4945
18/10/2024 07:00,6262
18/10/2024 08:00,7193
18/10/2024 09:00,8002
18/10/2024 10:00,852
18/10/2024 11:00,8851
18/10/2024 12:00,8821
18/10/2024 13:00,9492
18/10/2024 14:00,1062
18/10/2024 15:00,11325
18/10/2024 16:00,1193
18/10/2024 17:00,11455
18/10/2024 18:00,11515
18/10/2024 19:00,1239
18/10/2024 20:00,13056
18/10/2024 21:00,13867
18/10/2024 22:00,13456
18/10/2024 23:00,12215
19/10/2024 00:00,9988
19/10/2024 01:00,7123
19/10/2024 02:00,467
19/10/2024 03:00,3281
19/10/2024 04:00,2584
19/10/2024 05:00,3184
19/10/2024 06:00,4732
19/10/2024 07:00,6396
19/10/2024 08:00,7922
19/10/2024 09:00,9213
19/10/2024 10:00,9925
19/10/2024 11:00,9994
19/10/2024 12:00,10488
19/10/2024 13:00,10816
19/10/2024 14:00,11466
19/10/2024 15:00,11859
19/10/2024 16:00,11941
19/10/2024 17:00,12062
19/10/2024 18:00,12329
19/10/2024 19:00,12387
19/10/2024 20:00,12807
19/10/2024 21:00,13386
19/10/2024 22:00,13203
19/10/2024 23:00,12246
20/10/2024 00:00,10047
20/10/2024 01:00,766
20/10/2024 02:00,5173
20/10/2024 03:00,3596
20/10/2024 04:00,2772
20/10/2024 05:00,2924
20/10/2024 06:00,411
20/10/2024 07:00,5637
20/10/2024 08:00,731
20/10/2024 09:00,8677
20/10/2024 10:00,970
20/10/2024 11:00,10447
20/10/2024 12:00,10902
20/10/2024 13:00,10809
20/10/2024 14:00,11848
20/10/2024 15:00,12941
20/10/2024 16:00,12802
20/10/2024 17:00,12868
20/10/2024 18:00,1389
20/10/2024 19:00,1307
20/10/2024 20:00,13532
20/10/2024 21:00,13816
20/10/2024 22:00,13597
20/10/2024 23:00,12151
21/10/2024 00:00,9424
21/10/2024 01:00,6635
21/10/2024 02:00,4213
21/10/2024 03:00,3064
21/10/2024 04:00,251
21/10/2024 05:00,3141
21/10/2024 06:00,4808
21/10/2024 07:00,5765
21/10/2024 08:00,6718
21/10/2024 09:00,7581
21/10/2024 10:00,807
21/10/2024 11:00,9239
21/10/2024 12:00,8786
21/10/2024 13:00,9286
21/10/2024 14:00,10138
21/10/2024 15:00,10966
21/10/2024 16:00,11609
21/10/2024 17:00,11703
21/10/2024 18:00,11947
21/10/2024 19:00,13073
21/10/2024 20:00,14067
21/10/2024 21:00,14476
21/10/2024 22:00,14116
21/10/2024 23:00,1239
22/10/2024 00:00,10082
22/10/2024 01:00,6645
22/10/2024 02:00,4295
22/10/2024 03:00,2875
22/10/2024 04:00,249
22/10/2024 05:00,3366
22/10/2024 06:00,5002
22/10/2024 07:00,6036
22/10/2024 08:00,7255
22/10/2024 09:00,797
22/10/2024 10:00,8291
22/10/2024 11:00,8833
22/10/2024 12:00,9224
22/10/2024 13:00,9812
22/10/2024 14:00,11209
22/10/2024 15:00,12093
22/10/2024 16:00,11494
22/10/2024 17:00,11938
22/10/2024 18:00,12709
22/10/2024 19:00,13834
22/10/2024 20:00,15158
22/10/2024 21:00,1540
22/10/2024 22:00,14742
22/10/2024 23:00,12629
23/10/2024 00:00,10241
23/10/2024 01:00,6993
23/10/2024 02:00,4389
23/10/2024 03:00,3287
23/10/2024 04:00,2825
23/10/2024 05:00,3454
23/10/2024 06:00,5279
23/10/2024 07:00,8111
23/10/2024 08:00,1124
23/10/2024 09:00,12408
23/10/2024 10:00,12585
23/10/2024 11:00,12987
23/10/2024 12:00,12792
23/10/2024 13:00,13016
23/10/2024 14:00,13925
23/10/2024 15:00,14212
23/10/2024 16:00,13463
23/10/2024 17:00,13718
23/10/2024 18:00,13935
23/10/2024 19:00,14494
23/10/2024 20:00,16107
23/10/2024 21:00,1672
23/10/2024 22:00,15837
23/10/2024 23:00,12805
24/10/2024 00:00,9898
24/10/2024 01:00,670
24/10/2024 02:00,4478
24/10/2024 03:00,318
24/10/2024 04:00,2546
24/10/2024 05:00,3531
24/10/2024 06:00,5252
24/10/2024 07:00,6217
24/10/2024 08:00,7043
24/10/2024 09:00,7733
24/10/2024 10:00,8115
24/10/2024 11:00,8361
24/10/2024 12:00,8537
24/10/2024 13:00,10236
24/10/2024 14:00,11123
24/10/2024 15:00,11875
24/10/2024 16:00,11958
24/10/2024 17:00,11291
24/10/2024 18:00,11583
24/10/2024 19:00,12617
24/10/2024 20:00,1385
24/10/2024 21:00,13948
24/10/2024 22:00,13912
24/10/2024 23:00,12293
25/10/2024 00:00,9807
25/10/2024 01:00,6718
25/10/2024 02:00,431
25/10/2024 03:00,2987
25/10/2024 04:00,2594
25/10/2024 05:00,3368
25/10/2024 06:00,5268
25/10/2024 07:00,6271
25/10/2024 08:00,7022
25/10/2024 09:00,7809
25/10/2024 10:00,8048
25/10/2024 11:00,8369
25/10/2024 12:00,8415
25/10/2024 13:00,9111
25/10/2024 14:00,10033
25/10/2024 15:00,10642
25/10/2024 16:00,10915
25/10/2024 17:00,11249
25/10/2024 18:00,11793
25/10/2024 19:00,12766
25/10/2024 20:00,13252
25/10/2024 21:00,13838
25/10/2024 22:00,13592
25/10/2024 23:00,1203
26/10/2024 00:00,9715
26/10/2024 01:00,7113
26/10/2024 02:00,4645
26/10/2024 03:00,3246
26/10/2024 04:00,2603
26/10/2024 05:00,3145
26/10/2024 06:00,4416
26/10/2024 07:00,6321
26/10/2024 08:00,8112
26/10/2024 09:00,9337
26/10/2024 10:00,9914
26/10/2024 11:00,10013
26/10/2024 12:00,10326
26/10/2024 13:00,1090
26/10/2024 14:00,13008
26/10/2024 15:00,13684
26/10/2024 16:00,12498
26/10/2024 17:00,1203
26/10/2024 18:00,13685
26/10/2024 19:00,13653
26/10/2024 20:00,13889
26/10/2024 21:00,14326
26/10/2024 22:00,14036
26/10/2024 23:00,12791
27/10/2024 00:00,10395
27/10/2024 01:00,771
27/10/2024 02:00,5316
27/10/2024 03:00,381
27/10/2024 04:00,2967
27/10/2024 05:00,3053
27/10/2024 06:00,4191
27/10/2024 07:00,5934
27/10/2024 08:00,7475
27/10/2024 09:00,9067
27/10/2024 10:00,10121
27/10/2024 11:00,11041
27/10/2024 12:00,11381
27/10/2024 13:00,11665
27/10/2024 14:00,12126
27/10/2024 15:00,12433
27/10/2024 16:00,1282
27/10/2024 17:00,13041
27/10/2024 18:00,13199
27/10/2024 19:00,13792
27/10/2024 20:00,13874
27/10/2024 21:00,13732
27/10/2024 22:00,13661
27/10/2024 23:00,11835
28/10/2024 00:00,9501784608
28/10/2024 01:00,6338435998
28/10/2024 02:00,4134718357
28/10/2024 03:00,3088346482
28/10/2024 04:00,2660491543
28/10/2024 05:00,3227304464
28/10/2024 06:00,4821500693
28/10/2024 07:00,5776238134
28/10/2024 08:00,6853946848
28/10/2024 09:00,7665900222
28/10/2024 10:00,8266948933
28/10/2024 11:00,875591101
28/10/2024 12:00,8783865308
28/10/2024 13:00,9530467224
28/10/2024 14:00,1033445212
28/10/2024 15:00,1133475025
28/10/2024 16:00,1181800798
28/10/2024 17:00,1218650137
28/10/2024 18:00,1191822228
28/10/2024 19:00,1256606602
28/10/2024 20:00,1371204733
28/10/2024 21:00,1411254388
28/10/2024 22:00,1371160122
28/10/2024 23:00,1214741334
29/10/2024 00:00,9253295797
29/10/2024 01:00,6245744877
29/10/2024 02:00,4050919264
29/10/2024 03:00,2837677598
29/10/2024 04:00,2474638815
29/10/2024 05:00,3505314974
29/10/2024 06:00,5213383396
29/10/2024 07:00,6284441058
29/10/2024 08:00,7029982775
29/10/2024 09:00,7729808332
29/10/2024 10:00,8434749185
29/10/2024 11:00,8544636955
29/10/2024 12:00,8918454682
29/10/2024 13:00,9623645635
29/10/2024 14:00,1007601052
29/10/2024 15:00,1102551386
29/10/2024 16:00,1111129014
29/10/2024 17:00,1126973249
29/10/2024 18:00,1196040077
29/10/2024 19:00,1307019726
29/10/2024 20:00,140894149
29/10/2024 21:00,144456464
29/10/2024 22:00,1368329385
29/10/2024 23:00,1219308042
30/10/2024 00:00,9361078173
30/10/2024 01:00,6272213675
30/10/2024 02:00,4216063477
30/10/2024 03:00,3220604042
30/10/2024 04:00,2799194601
30/10/2024 05:00,3511310379
30/10/2024 06:00,5347799779
30/10/2024 07:00,6171468742
30/10/2024 08:00,7177320406
30/10/2024 09:00,8082828638
30/10/2024 10:00,8358512111
30/10/2024 11:00,8754896822
30/10/2024 12:00,8886616701
30/10/2024 13:00,9398768249
30/10/2024 14:00,1037340953
30/10/2024 15:00,1128420865
30/10/2024 16:00,111966074
30/10/2024 17:00,1113637668
30/10/2024 18:00,1194698371
30/10/2024 19:00,1275699015
30/10/2024 20:00,1397272736
30/10/2024 21:00,1440712342
30/10/2024 22:00,1431098228
30/10/2024 23:00,1225047277
31/10/2024 00:00,9590953886
31/10/2024 01:00,6490539227
31/10/2024 02:00,4354174378
31/10/2024 03:00,3010946002
31/10/2024 04:00,2573286069
31/10/2024 05:00,3668429421
31/10/2024 06:00,5312061677
31/10/2024 07:00,5982374369
31/10/2024 08:00,7423071072
31/10/2024 09:00,7805664003
31/10/2024 10:00,7982848032
31/10/2024 11:00,8346164529
31/10/2024 12:00,8255237506
31/10/2024 13:00,8499895805
31/10/2024 14:00,9863947754
31/10/2024 15:00,1002722616
31/10/2024 16:00,1038682752
31/10/2024 17:00,100355314
31/10/2024 18:00,1051155947
31/10/2024 19:00,111673314
31/10/2024 20:00,1156725045
31/10/2024 21:00,1160245646
31/10/2024 22:00,1139858638
31/10/2024 23:00,1085160622
1/11/2024 00:00,93085209
1/11/2024 01:00,691797441
1/11/2024 02:00,4798768451
1/11/2024 03:00,3578626793
1/11/2024 04:00,2879281541
1/11/2024 05:00,3384040349
1/11/2024 06:00,4481543339
1/11/2024 07:00,6242996163
1/11/2024 08:00,7813078579
1/11/2024 09:00,9099092355
1/11/2024 10:00,1042617246
1/11/2024 11:00,1112426861
1/11/2024 12:00,1137464823
1/11/2024 13:00,115337544
1/11/2024 14:00,1189441823
1/11/2024 15:00,1245709348
1/11/2024 16:00,1282464013
1/11/2024 17:00,1344845988
1/11/2024 18:00,131570263
1/11/2024 19:00,136750929
1/11/2024 20:00,1406392616
1/11/2024 21:00,1434514353
1/11/2024 22:00,1435645042
1/11/2024 23:00,12733602
2/11/2024 00:00,1033199769
2/11/2024 01:00,1070146065
2/11/2024 02:00,8849279603
2/11/2024 03:00,4934134641
2/11/2024 04:00,3538930248
2/11/2024 05:00,3959121049
2/11/2024 06:00,6069432301
2/11/2024 07:00,9550097115
2/11/2024 08:00,1262558093
2/11/2024 09:00,1419575754
2/11/2024 10:00,1581840184
2/11/2024 11:00,1692779382
2/11/2024 12:00,1637562748
2/11/2024 13:00,1586286732
2/11/2024 14:00,1543113853
2/11/2024 15:00,1546055699
2/11/2024 16:00,1561577311
2/11/2024 17:00,1518704029
2/11/2024 18:00,1574328385
2/11/2024 19:00,158904119
2/11/2024 20:00,160166449
2/11/2024 21:00,1620848726
2/11/2024 22:00,156776761
2/11/2024 23:00,1430512877
3/11/2024 00:00,1160532121
3/11/2024 01:00,8344127029
3/11/2024 02:00,5794319915
3/11/2024 03:00,3824323555
3/11/2024 04:00,2918007361
3/11/2024 05:00,3093296016
3/11/2024 06:00,4583445033
3/11/2024 07:00,6587273545
3/11/2024 08:00,8141510303
3/11/2024 09:00,1006646772
3/11/2024 10:00,1208004647
3/11/2024 11:00,1325654086
3/11/2024 12:00,1383655538
3/11/2024 13:00,1366084749
3/11/2024 14:00,1396068636
3/11/2024 15:00,1652021213
3/11/2024 16:00,1743257617
3/11/2024 17:00,1661737591
3/11/2024 18:00,1510204428
3/11/2024 19:00,1471168268
3/11/2024 20:00,1554130939
3/11/2024 21:00,1566621224
3/11/2024 22:00,1446525085
3/11/2024 23:00,1248017485
4/11/2024 00:00,9782738354
4/11/2024 01:00,6579030187
4/11/2024 02:00,4352514741
4/11/2024 03:00,3123192491
4/11/2024 04:00,2555981975
4/11/2024 05:00,3322217125
4/11/2024 06:00,5080937212
4/11/2024 07:00,6100191915
4/11/2024 08:00,7455352125
4/11/2024 09:00,8308006383
4/11/2024 10:00,884815596
4/11/2024 11:00,900459813
4/11/2024 12:00,9219262842
4/11/2024 13:00,9796802666
4/11/2024 14:00,1050114156
4/11/2024 15:00,1124217337
4/11/2024 16:00,1178391216
4/11/2024 17:00,1191392763
4/11/2024 18:00,122091757
4/11/2024 19:00,133690202
4/11/2024 20:00,142349008
4/11/2024 21:00,1461615807
4/11/2024 22:00,1418122184
4/11/2024 23:00,1248927648
5/11/2024 00:00,9351687588
5/11/2024 01:00,6248293637
5/11/2024 02:00,4163726135
5/11/2024 03:00,3024349395
5/11/2024 04:00,2632583199
5/11/2024 05:00,3559497887
5/11/2024 06:00,5261106327
5/11/2024 07:00,6211108026
5/11/2024 08:00,7074372245
5/11/2024 09:00,8147481211
5/11/2024 10:00,8566155064
5/11/2024 11:00,871687016
5/11/2024 12:00,8878755512
5/11/2024 13:00,9719298435
5/11/2024 14:00,1056083177
5/11/2024 15:00,1238522711
5/11/2024 16:00,1259172725
5/11/2024 17:00,1200659326
5/11/2024 18:00,123697459
5/11/2024 19:00,1339008267
5/11/2024 20:00,1400837227
5/11/2024 21:00,1503430527
5/11/2024 22:00,1426370691
5/11/2024 23:00,1227928138
6/11/2024 00:00,9555615955
6/11/2024 01:00,6498405671
6/11/2024 02:00,4215847295
6/11/2024 03:00,3031385743
6/11/2024 04:00,2614120504
6/11/2024 05:00,3626954669
6/11/2024 06:00,5066989241
6/11/2024 07:00,6021419316
6/11/2024 08:00,7479181515
6/11/2024 09:00,8151328589
6/11/2024 10:00,8620655996
6/11/2024 11:00,9083603041
6/11/2024 12:00,9068572777
6/11/2024 13:00,9702218892
6/11/2024 14:00,111045455
6/11/2024 15:00,1225376127
6/11/2024 16:00,1258149874
6/11/2024 17:00,1193076315
6/11/2024 18:00,120028142
6/11/2024 19:00,1319570979
6/11/2024 20:00,1427016482
6/11/2024 21:00,1464307317
6/11/2024 22:00,1395270621
6/11/2024 23:00,1221918681
7/11/2024 00:00,9690845284
7/11/2024 01:00,6719382521
7/11/2024 02:00,4288118932
7/11/2024 03:00,3089935896
7/11/2024 04:00,2606245861
7/11/2024 05:00,3772830361
7/11/2024 06:00,5545043321
7/11/2024 07:00,6275873964
7/11/2024 08:00,6934677642
7/11/2024 09:00,7869960022
7/11/2024 10:00,832183726
7/11/2024 11:00,8752957629
7/11/2024 12:00,8711450982
7/11/2024 13:00,9518204315
7/11/2024 14:00,1049770911
7/11/2024 15:00,1173702058
7/11/2024 16:00,117822158
7/11/2024 17:00,1153935934
7/11/2024 18:00,1214889993
7/11/2024 19:00,1303292279
7/11/2024 20:00,1388787432
7/11/2024 21:00,1571716894
7/11/2024 22:00,1517668083
7/11/2024 23:00,1282943767
8/11/2024 00:00,1078120935
8/11/2024 01:00,7390823272
8/11/2024 02:00,4855769185
8/11/2024 03:00,336166987
8/11/2024 04:00,2889131756
8/11/2024 05:00,382197542
8/11/2024 06:00,5704974986
8/11/2024 07:00,6652669376
8/11/2024 08:00,8060009513
8/11/2024 09:00,9007579055
8/11/2024 10:00,9636758667
8/11/2024 11:00,102773383
8/11/2024 12:00,100862591
8/11/2024 13:00,1022852286
8/11/2024 14:00,113985729
8/11/2024 15:00,1238986725
8/11/2024 16:00,1272930998
8/11/2024 17:00,1279037073
8/11/2024 18:00,137049587
8/11/2024 19:00,1426022587
8/11/2024 20:00,1524425254
8/11/2024 21:00,1578629574
8/11/2024 22:00,1617419167
8/11/2024 23:00,1419084551
9/11/2024 00:00,1175007206
9/11/2024 01:00,8586373032
9/11/2024 02:00,5592317463
9/11/2024 03:00,3981284112
9/11/2024 04:00,3207630467
9/11/2024 05:00,3590950418
9/11/2024 06:00,5325254753
9/11/2024 07:00,714175817
9/11/2024 08:00,9199119229
9/11/2024 09:00,1083819235
9/11/2024 10:00,1154748004
9/11/2024 11:00,117480985
9/11/2024 12:00,1189960125
9/11/2024 13:00,1244921043
9/11/2024 14:00,1287197852
9/11/2024 15:00,135819959
9/11/2024 16:00,1365338276
9/11/2024 17:00,1352610334
9/11/2024 18:00,1391833543
9/11/2024 19:00,1461598506
9/11/2024 20:00,1488189489
9/11/2024 21:00,1517345439
9/11/2024 22:00,148886926
9/11/2024 23:00,1390065449
10/11/2024 00:00,1171991706
10/11/2024 01:00,8504608108
10/11/2024 02:00,5710539706
10/11/2024 03:00,4113389521
10/11/2024 04:00,316321229
10/11/2024 05:00,3310423062
10/11/2024 06:00,4827382316
10/11/2024 07:00,6740222295
10/11/2024 08:00,8659603297
10/11/2024 09:00,1039297779
10/11/2024 10:00,117841649
10/11/2024 11:00,1235297861
10/11/2024 12:00,1277543422
10/11/2024 13:00,1291365316
10/11/2024 14:00,1321229957
10/11/2024 15:00,1429750722
10/11/2024 16:00,148374591
10/11/2024 17:00,1470339093
10/11/2024 18:00,1503822285
10/11/2024 19:00,1527565551
10/11/2024 20:00,1603101085
10/11/2024 21:00,1613444923
10/11/2024 22:00,1582354731
10/11/2024 23:00,1382819769
11/11/2024 00:00,106904125
11/11/2024 01:00,7489583656
11/11/2024 02:00,4832883251
11/11/2024 03:00,3589501871
11/11/2024 04:00,2852152646
11/11/2024 05:00,3511484453
11/11/2024 06:00,5284479467
11/11/2024 07:00,8127673604
11/11/2024 08:00,1093002255
11/11/2024 09:00,1217939044
11/11/2024 10:00,1275095208
11/11/2024 11:00,1308276424
11/11/2024 12:00,1304130436
11/11/2024 13:00,1302852292
11/11/2024 14:00,1360403772
11/11/2024 15:00,1419410944
11/11/2024 16:00,1401927199
11/11/2024 17:00,1363660391
11/11/2024 18:00,1390192441
11/11/2024 19:00,1515235596
11/11/2024 20:00,1594180512
11/11/2024 21:00,1669272813
11/11/2024 22:00,164041038
11/11/2024 23:00,1389633877
12/11/2024 00:00,1060619552
12/11/2024 01:00,7219392871
12/11/2024 02:00,4661503092
12/11/2024 03:00,3204612196
12/11/2024 04:00,286663862
12/11/2024 05:00,378040573
12/11/2024 06:00,5533874029
12/11/2024 07:00,8078971925
12/11/2024 08:00,1110582913
12/11/2024 09:00,1223211235
12/11/2024 10:00,1279341817
12/11/2024 11:00,1342543243
12/11/2024 12:00,1318120416
12/11/2024 13:00,1370353515
12/11/2024 14:00,147971323
12/11/2024 15:00,1518281892
12/11/2024 16:00,1549066212
12/11/2024 17:00,1565011277
12/11/2024 18:00,1531752139
12/11/2024 19:00,1600369672
12/11/2024 20:00,1636274784
12/11/2024 21:00,1788146441
12/11/2024 22:00,1760290138
12/11/2024 23:00,1553476295
13/11/2024 00:00,1180227628
13/11/2024 01:00,8060597071
13/11/2024 02:00,5204106902
13/11/2024 03:00,377176973
13/11/2024 04:00,3511765438
13/11/2024 05:00,4312225015
13/11/2024 06:00,6499951699
13/11/2024 07:00,1122188094
13/11/2024 08:00,1482855636
13/11/2024 09:00,156818844
13/11/2024 10:00,1577027528
13/11/2024 11:00,1602003803
13/11/2024 12:00,1566021077
13/11/2024 13:00,1566087892
13/11/2024 14:00,1635833076
13/11/2024 15:00,1685035423
13/11/2024 16:00,1665474693
13/11/2024 17:00,1616669506
13/11/2024 18:00,1649490239
13/11/2024 19:00,1693435371
13/11/2024 20:00,1746359183
13/11/2024 21:00,1809296743
13/11/2024 22:00,1761553276
13/11/2024 23:00,1509206768
14/11/2024 00:00,1201539957
14/11/2024 01:00,812580977
14/11/2024 02:00,5474646084
14/11/2024 03:00,3842887265
14/11/2024 04:00,3198736061
14/11/2024 05:00,3936110497
14/11/2024 06:00,5933540878
14/11/2024 07:00,8835833747
14/11/2024 08:00,1198406435
14/11/2024 09:00,1382964894
14/11/2024 10:00,1452230857
14/11/2024 11:00,1494794301
14/11/2024 12:00,1462188816
14/11/2024 13:00,1469920322
14/11/2024 14:00,1571279481
14/11/2024 15:00,1677346304
14/11/2024 16:00,1688918599
14/11/2024 17:00,1605542169
14/11/2024 18:00,1576253159
14/11/2024 19:00,1642335847
14/11/2024 20:00,1718035777
14/11/2024 21:00,1744435365
14/11/2024 22:00,1667984253
14/11/2024 23:00,1512890498
15/11/2024 00:00,1171999354
15/11/2024 01:00,8345601955
15/11/2024 02:00,5388524601
15/11/2024 03:00,3855370054
15/11/2024 04:00,3053296736
15/11/2024 05:00,3829361056
15/11/2024 06:00,5467425624
15/11/2024 07:00,7761106457
15/11/2024 08:00,1088024858
15/11/2024 09:00,1243965172
15/11/2024 10:00,1287942187
15/11/2024 11:00,133749274
15/11/2024 12:00,1336331359
15/11/2024 13:00,1354308271
15/11/2024 14:00,1460360888
15/11/2024 15:00,1569448116
15/11/2024 16:00,1605981602
15/11/2024 17:00,1486138455
15/11/2024 18:00,1462101493
15/11/2024 19:00,1571950369
15/11/2024 20:00,1633015113
15/11/2024 21:00,1576321708
15/11/2024 22:00,1579754156
15/11/2024 23:00,1506654485
16/11/2024 00:00,1228495875
16/11/2024 01:00,8804211795
16/11/2024 02:00,5850729918
16/11/2024 03:00,3914977949
16/11/2024 04:00,3011918839
16/11/2024 05:00,3414017471
16/11/2024 06:00,4836399789
16/11/2024 07:00,6770252623
16/11/2024 08:00,877772934
16/11/2024 09:00,1029410326
16/11/2024 10:00,1134565091
16/11/2024 11:00,1237623436
16/11/2024 12:00,1255794845
16/11/2024 13:00,1287415201
16/11/2024 14:00,1421885845
16/11/2024 15:00,1511462946
16/11/2024 16:00,1494423946
16/11/2024 17:00,1459781453
16/11/2024 18:00,1435685697
16/11/2024 19:00,1435827012
16/11/2024 20:00,1526336526
16/11/2024 21:00,1610428526
16/11/2024 22:00,1614407845
16/11/2024 23:00,1523525236
17/11/2024 00:00,1217098966
17/11/2024 01:00,9069389187
17/11/2024 02:00,6021815133
17/11/2024 03:00,413156606
17/11/2024 04:00,3044438098
17/11/2024 05:00,3127994988
17/11/2024 06:00,461099037
17/11/2024 07:00,6052390248
17/11/2024 08:00,8242445742
17/11/2024 09:00,1005930079
17/11/2024 10:00,112233772
17/11/2024 11:00,1219274458
17/11/2024 12:00,12894279
17/11/2024 13:00,1332159149
17/11/2024 14:00,1406101157
17/11/2024 15:00,1528581617
17/11/2024 16:00,16406474
17/11/2024 17:00,1665002523
17/11/2024 18:00,1700714927
17/11/2024 19:00,1547150517
17/11/2024 20:00,1576371555
17/11/2024 21:00,1626327982
17/11/2024 22:00,1569041294
17/11/2024 23:00,139515352
18/11/2024 00:00,1075581707
18/11/2024 01:00,7345043235
18/11/2024 02:00,4887047988
18/11/2024 03:00,3560473561
18/11/2024 04:00,3056559347
18/11/2024 05:00,3686623049
18/11/2024 06:00,5363096325
18/11/2024 07:00,6424903272
18/11/2024 08:00,7765667756
18/11/2024 09:00,8732726698
18/11/2024 10:00,9036463347
18/11/2024 11:00,819301824
18/11/2024 12:00,852371071
18/11/2024 13:00,9231419585
18/11/2024 14:00,1017422816
18/11/2024 15:00,1114701879
18/11/2024 16:00,1146564388
18/11/2024 17:00,1164378584
18/11/2024 18:00,1188492469
18/11/2024 19:00,1335491567
18/11/2024 20:00,1557474362
18/11/2024 21:00,1574660677
18/11/2024 22:00,1531214576
18/11/2024 23:00,1333102985
19/11/2024 00:00,1032332485
19/11/2024 01:00,6843436915
19/11/2024 02:00,4477137267
19/11/2024 03:00,3232445122
19/11/2024 04:00,2845065948
19/11/2024 05:00,3764512686
19/11/2024 06:00,5589000986
19/11/2024 07:00,6377585152
19/11/2024 08:00,7606475021
19/11/2024 09:00,8473103193
19/11/2024 10:00,9012277156
19/11/2024 11:00,929419878
19/11/2024 12:00,9388029836
19/11/2024 13:00,1018383268
19/11/2024 14:00,1128709585
19/11/2024 15:00,1233632581
19/11/2024 16:00,1298675594
19/11/2024 17:00,1283060949
19/11/2024 18:00,1349132242
19/11/2024 19:00,1507634428
19/11/2024 20:00,1555807892
19/11/2024 21:00,1592404709
19/11/2024 22:00,1550298687
19/11/2024 23:00,1337307606
20/11/2024 00:00,101923325
20/11/2024 01:00,7039532395
20/11/2024 02:00,4764896947
20/11/2024 03:00,3684840906
20/11/2024 04:00,3232231662
20/11/2024 05:00,4241011276
20/11/2024 06:00,5821335284
20/11/2024 07:00,6822051405
20/11/2024 08:00,7861951287
20/11/2024 09:00,8773037878
20/11/2024 10:00,9593019977
20/11/2024 11:00,9797264731
20/11/2024 12:00,9677515958
20/11/2024 13:00,1047015414
20/11/2024 14:00,1176829506
20/11/2024 15:00,1217130926
20/11/2024 16:00,1249970902
20/11/2024 17:00,1256487664
20/11/2024 18:00,1334680614
20/11/2024 19:00,1443525722
20/11/2024 20:00,1537603126
20/11/2024 21:00,1599377492
20/11/2024 22:00,1561295805
20/11/2024 23:00,1333077493
21/11/2024 00:00,1028155942
21/11/2024 01:00,7559498318
21/11/2024 02:00,4886559481
21/11/2024 03:00,3556245354
21/11/2024 04:00,3074619253
21/11/2024 05:00,3898739471
21/11/2024 06:00,5870431029
21/11/2024 07:00,7019722851
21/11/2024 08:00,8102089563
21/11/2024 09:00,905163323
21/11/2024 10:00,9430141125
21/11/2024 11:00,9680337542
21/11/2024 12:00,9612515655
21/11/2024 13:00,1061087608
21/11/2024 14:00,1139529977
21/11/2024 15:00,1248079476
21/11/2024 16:00,1286550004
21/11/2024 17:00,1280586018
21/11/2024 18:00,1338805742
21/11/2024 19:00,1457094789
21/11/2024 20:00,1570717699
21/11/2024 21:00,1605494264
21/11/2024 22:00,157941024
21/11/2024 23:00,1352260385
22/11/2024 00:00,4866274696
22/11/2024 01:00,3455809071
22/11/2024 02:00,2190884367
22/11/2024 03:00,1558854726
22/11/2024 04:00,1372243389
22/11/2024 05:00,1736625738
22/11/2024 06:00,2657567267
22/11/2024 07:00,3228085955
22/11/2024 08:00,3876121104
22/11/2024 09:00,4156065715
22/11/2024 10:00,4437792982
22/11/2024 11:00,4641175399
22/11/2024 12:00,4570076709
22/11/2024 13:00,4727471525
22/11/2024 14:00,5290884131
22/11/2024 15:00,5696365341
22/11/2024 16:00,5839984076
22/11/2024 17:00,5920574048
22/11/2024 18:00,6234977887
22/11/2024 19:00,6755097086
22/11/2024 20:00,7053331114
22/11/2024 21:00,7252526403
22/11/2024 22:00,7114501189
22/11/2024 23:00,6354836187
23/11/2024 00:00,4823556754
23/11/2024 01:00,3438832523
23/11/2024 02:00,232567217
23/11/2024 03:00,1756429941
23/11/2024 04:00,1452856316
23/11/2024 05:00,1730610662
23/11/2024 06:00,2559465829
23/11/2024 07:00,3478118619
23/11/2024 08:00,4592170103
23/11/2024 09:00,5127324803
23/11/2024 10:00,5569266716
23/11/2024 11:00,58974616
23/11/2024 12:00,5980198353
23/11/2024 13:00,6311906665
23/11/2024 14:00,6361606667
23/11/2024 15:00,6561269635
23/11/2024 16:00,663077983
23/11/2024 17:00,6619023083
23/11/2024 18:00,6866622682
23/11/2024 19:00,6788996092
23/11/2024 20:00,6847578347
23/11/2024 21:00,7177871003
23/11/2024 22:00,7120628552
23/11/2024 23:00,6457575704
24/11/2024 00:00,5260872079
24/11/2024 01:00,3769298063
24/11/2024 02:00,2770254536
24/11/2024 03:00,1984739559
24/11/2024 04:00,1613928838
24/11/2024 05:00,1803369103
24/11/2024 06:00,2473104638
24/11/2024 07:00,3219916214
24/11/2024 08:00,4150137791
24/11/2024 09:00,5028519732
24/11/2024 10:00,5629775209
24/11/2024 11:00,580860858
24/11/2024 12:00,6243543437
24/11/2024 13:00,5221132675
24/11/2024 14:00,3041586022
24/11/2024 15:00,6650143355
24/11/2024 16:00,6768011949
24/11/2024 17:00,6942785367
24/11/2024 18:00,6994446925
24/11/2024 19:00,7245683576
24/11/2024 20:00,7290946485
24/11/2024 21:00,7560267791
24/11/2024 22:00,7114114413
24/11/2024 23:00,6133406081
25/11/2024 00:00,4546989658
25/11/2024 01:00,3276588237
25/11/2024 02:00,2103458984
25/11/2024 03:00,1606062978
25/11/2024 04:00,1493410435
25/11/2024 05:00,1838503562
25/11/2024 06:00,2679811214
25/11/2024 07:00,3191660139
25/11/2024 08:00,3842024878
25/11/2024 09:00,423192772
25/11/2024 10:00,4438834612
25/11/2024 11:00,4685319452
25/11/2024 12:00,6876319394
25/11/2024 13:00,7074589227
25/11/2024 14:00,790248217
25/11/2024 15:00,8543348657
25/11/2024 16:00,8596481337
25/11/2024 17:00,8758183177
25/11/2024 18:00,9409305849
25/11/2024 19:00,9878197162
25/11/2024 20:00,1065003612
25/11/2024 21:00,1101928847
25/11/2024 22:00,1078994246
25/11/2024 23:00,9326639843
26/11/2024 00:00,7116430803
26/11/2024 01:00,4731604831
26/11/2024 02:00,3091879476
26/11/2024 03:00,232352322
26/11/2024 04:00,2179833527
26/11/2024 05:00,264737933
26/11/2024 06:00,4143414639
26/11/2024 07:00,5156093271
26/11/2024 08:00,5992206423
26/11/2024 09:00,5344921404
26/11/2024 10:00,5760180129
26/11/2024 11:00,3371371403
26/11/2024 12:00,7306740972
26/11/2024 13:00,7661216964
26/11/2024 14:00,1069380658
26/11/2024 15:00,1365418312
26/11/2024 16:00,140895125
26/11/2024 17:00,1361942812
26/11/2024 18:00,142472088
26/11/2024 19:00,1548809039
26/11/2024 20:00,1588261103
26/11/2024 21:00,1661453688
26/11/2024 22:00,1628958618
26/11/2024 23:00,1485154749
27/11/2024 00:00,1116109228
27/11/2024 01:00,743951871
27/11/2024 02:00,4939354004
27/11/2024 03:00,3580214583
27/11/2024 04:00,3212552508
27/11/2024 05:00,3981961087
27/11/2024 06:00,6166255402
27/11/2024 07:00,7037353701
27/11/2024 08:00,8078588769
27/11/2024 09:00,8938135215
27/11/2024 10:00,9485493592
27/11/2024 11:00,9916613881
27/11/2024 12:00,9827561749
27/11/2024 13:00,1083417884
27/11/2024 14:00,1223562744
27/11/2024 15:00,1393143371
27/11/2024 16:00,1470697416
27/11/2024 17:00,1364789538
27/11/2024 18:00,1408263777
27/11/2024 19:00,1452681766
27/11/2024 20:00,1563233429
27/11/2024 21:00,1608566595
27/11/2024 22:00,1545414249
27/11/2024 23:00,1362620049
28/11/2024 00:00,1056813588
28/11/2024 01:00,7183543642
28/11/2024 02:00,4721108102
28/11/2024 03:00,3509239018
28/11/2024 04:00,3059881544
28/11/2024 05:00,414663067
28/11/2024 06:00,6107936408
28/11/2024 07:00,6773552172
28/11/2024 08:00,7884570062
28/11/2024 09:00,8921186622
28/11/2024 10:00,9555680421
28/11/2024 11:00,9799341087
28/11/2024 12:00,9480976173
28/11/2024 13:00,1064977712
28/11/2024 14:00,113594489
28/11/2024 15:00,1248878453
28/11/2024 16:00,1299668755
28/11/2024 17:00,1315043277
28/11/2024 18:00,1354246583
28/11/2024 19:00,1428891199
28/11/2024 20:00,1498953208
28/11/2024 21:00,1603988869
28/11/2024 22:00,1542921216
28/11/2024 23:00,1342038731
29/11/2024 00:00,103628887
29/11/2024 01:00,7170273493
29/11/2024 02:00,4805889855
29/11/2024 03:00,3419244442
29/11/2024 04:00,2916982009
29/11/2024 05:00,3971816135
29/11/2024 06:00,5743175148
29/11/2024 07:00,6635858187
29/11/2024 08:00,7752963456
29/11/2024 09:00,8983924667
29/11/2024 10:00,9431476521
29/11/2024 11:00,9684829537
29/11/2024 12:00,9883599615
29/11/2024 13:00,1033998743
29/11/2024 14:00,1135198636
29/11/2024 15:00,1238696768
29/11/2024 16:00,1284420447
29/11/2024 17:00,1266172196
29/11/2024 18:00,1319327874
29/11/2024 19:00,1446544732
29/11/2024 20:00,1506809354
29/11/2024 21:00,1570590347
29/11/2024 22:00,1539106481
29/11/2024 23:00,1400438925
30/11/2024 00:00,1129582562
30/11/2024 01:00,7850907238
30/11/2024 02:00,5344714306
30/11/2024 03:00,3785710335
30/11/2024 04:00,3066455334
30/11/2024 05:00,3744738658
30/11/2024 06:00,5554224341
30/11/2024 07:00,7460384648
30/11/2024 08:00,9479032119
30/11/2024 09:00,1072749174
30/11/2024 10:00,1149797158
30/11/2024 11:00,1176459955
30/11/2024 12:00,1184438646
30/11/2024 13:00,1285801244
30/11/2024 14:00,1336405164
30/11/2024 15:00,1349202102
30/11/2024 16:00,1373910543
30/11/2024 17:00,135132381
30/11/2024 18:00,1351748007
30/11/2024 19:00,141213833
30/11/2024 20:00,1460471291
30/11/2024 21:00,1534888858
30/11/2024 22:00,2216351253
30/11/2024 23:00,2079675368
1/12/2024 00:00,1454714463
1/12/2024 01:00,106128246
1/12/2024 02:00,7483633384
1/12/2024 03:00,5326207045
1/12/2024 04:00,4264534883
1/12/2024 05:00,410769202
1/12/2024 06:00,6117464338
1/12/2024 07:00,8603496544
1/12/2024 08:00,1100528623
1/12/2024 09:00,1324124026
1/12/2024 10:00,1480793164
1/12/2024 11:00,1800946057
1/12/2024 12:00,1527315981
1/12/2024 13:00,1515835713
1/12/2024 14:00,1510578138
1/12/2024 15:00,157102342
1/12/2024 16:00,1597305386
1/12/2024 17:00,1590188819
1/12/2024 18:00,1651890056
1/12/2024 19:00,1686805002
1/12/2024 20:00,1800485364
1/12/2024 21:00,1739729958
1/12/2024 22:00,1673197231
1/12/2024 23:00,147202054
2/12/2024 00:00,1102017238
2/12/2024 01:00,7691258334
2/12/2024 02:00,4849359729
2/12/2024 03:00,3501972172
2/12/2024 04:00,307938049
2/12/2024 05:00,3945368027
2/12/2024 06:00,5924422309
2/12/2024 07:00,6765135613
2/12/2024 08:00,8020629049
2/12/2024 09:00,9169416785
2/12/2024 10:00,9865376953
2/12/2024 11:00,1053593576
2/12/2024 12:00,1008296649
2/12/2024 13:00,1099370257
2/12/2024 14:00,1196113713
2/12/2024 15:00,132918108
2/12/2024 16:00,1389050584
2/12/2024 17:00,1345588177
2/12/2024 18:00,141636639
2/12/2024 19:00,1517803446
2/12/2024 20:00,1605949261
2/12/2024 21:00,1624392752
2/12/2024 22:00,1563484381
2/12/2024 23:00,1393038688
3/12/2024 00:00,1065106919
3/12/2024 01:00,7279523616
3/12/2024 02:00,4796120855
3/12/2024 03:00,339903055
3/12/2024 04:00,3131979656
3/12/2024 05:00,4154285988
3/12/2024 06:00,6049015903
3/12/2024 07:00,7114877637
3/12/2024 08:00,8189105973
3/12/2024 09:00,9158391657
3/12/2024 10:00,9911088649
3/12/2024 11:00,9902874284
3/12/2024 12:00,998183199
3/12/2024 13:00,1089534097
3/12/2024 14:00,1212025823
3/12/2024 15:00,1271959326
3/12/2024 16:00,1311659075
3/12/2024 17:00,1293920518
3/12/2024 18:00,1378643788
3/12/2024 19:00,1541615411
3/12/2024 20:00,1585095447
3/12/2024 21:00,1622026418
3/12/2024 22:00,1593728922
3/12/2024 23:00,1417400395
4/12/2024 00:00,103959247
4/12/2024 01:00,7151812022
4/12/2024 02:00,4750637368
4/12/2024 03:00,3607628609
4/12/2024 04:00,3135900408
4/12/2024 05:00,4132119297
4/12/2024 06:00,6013484291
4/12/2024 07:00,7109463028
4/12/2024 08:00,8110147666
4/12/2024 09:00,9132032073
4/12/2024 10:00,9730124029
4/12/2024 11:00,966954562
4/12/2024 12:00,9703698173
4/12/2024 13:00,1068097929
4/12/2024 14:00,1281346508
4/12/2024 15:00,1450026515
4/12/2024 16:00,1474763803
4/12/2024 17:00,1417794834
4/12/2024 18:00,1483366485
4/12/2024 19:00,1620369935
4/12/2024 20:00,1704513461
4/12/2024 21:00,1739383706
4/12/2024 22:00,1699628714
4/12/2024 23:00,152944164
5/12/2024 00:00,1151872367
5/12/2024 01:00,7935472805
5/12/2024 02:00,5065244638
5/12/2024 03:00,3692074714
5/12/2024 04:00,310160422
5/12/2024 05:00,4073550071
5/12/2024 06:00,6302396525
5/12/2024 07:00,7383576105
5/12/2024 08:00,8374969526
5/12/2024 09:00,9017929003
5/12/2024 10:00,1032195735
5/12/2024 11:00,1094288927
5/12/2024 12:00,1067833074
5/12/2024 13:00,1166745852
5/12/2024 14:00,1234417637
5/12/2024 15:00,1372854617
5/12/2024 16:00,1420894896
5/12/2024 17:00,1408513565
5/12/2024 18:00,1419449705
5/12/2024 19:00,1527129592
5/12/2024 20:00,1651639799
5/12/2024 21:00,1713242629
5/12/2024 22:00,1647460122
5/12/2024 23:00,1460862135
6/12/2024 00:00,1098959747
6/12/2024 01:00,7636734996
6/12/2024 02:00,5090092196
6/12/2024 03:00,3592290209
6/12/2024 04:00,2960727429
6/12/2024 05:00,3852388382
6/12/2024 06:00,5918400268
6/12/2024 07:00,7083002144
6/12/2024 08:00,8729306467
6/12/2024 09:00,1001440435
6/12/2024 10:00,1067313445
6/12/2024 11:00,1098796983
6/12/2024 12:00,1122287894
6/12/2024 13:00,1178411902
6/12/2024 14:00,1272237018
6/12/2024 15:00,1352375087
6/12/2024 16:00,1393670614
6/12/2024 17:00,1406175645
6/12/2024 18:00,142359456
6/12/2024 19:00,1551097676
6/12/2024 20:00,162651721
6/12/2024 21:00,1652792846
6/12/2024 22:00,1618575111
6/12/2024 23:00,1451423009
7/12/2024 00:00,116237228
7/12/2024 01:00,8197817918
7/12/2024 02:00,5567687517
7/12/2024 03:00,3931697847
7/12/2024 04:00,3228004922
7/12/2024 05:00,3814640142
7/12/2024 06:00,570131261
7/12/2024 07:00,7873894119
7/12/2024 08:00,1000918285
7/12/2024 09:00,115424164
7/12/2024 10:00,1262406298
7/12/2024 11:00,1338142355
7/12/2024 12:00,133347143
7/12/2024 13:00,1358455713
7/12/2024 14:00,1389560292
7/12/2024 15:00,1439286952
7/12/2024 16:00,1457724247
7/12/2024 17:00,1428927536
7/12/2024 18:00,1464104381
7/12/2024 19:00,1502262153
7/12/2024 20:00,1542619357
7/12/2024 21:00,1598986461
7/12/2024 22:00,1598561331
7/12/2024 23:00,1485265255
8/12/2024 00:00,1209750942
8/12/2024 01:00,8736851157
8/12/2024 02:00,5784004082
8/12/2024 03:00,4190736003
8/12/2024 04:00,3320529613
8/12/2024 05:00,3544512477
8/12/2024 06:00,5105817605
8/12/2024 07:00,734731056
8/12/2024 08:00,9381028866
8/12/2024 09:00,1092873084
8/12/2024 10:00,1221297341
8/12/2024 11:00,1319342299
8/12/2024 12:00,1349117138
8/12/2024 13:00,1364583915
8/12/2024 14:00,1375370287
8/12/2024 15:00,1425544067
8/12/2024 16:00,1525077209
8/12/2024 17:00,149302549
8/12/2024 18:00,1548178467
8/12/2024 19:00,1552486468
8/12/2024 20:00,1650769909
8/12/2024 21:00,1680379861
8/12/2024 22:00,1643358534
8/12/2024 23:00,1519690502
9/12/2024 00:00,1222231159
9/12/2024 01:00,8740432391
9/12/2024 02:00,5671116724
9/12/2024 03:00,4043208928
9/12/2024 04:00,3262774661
9/12/2024 05:00,355052033
9/12/2024 06:00,5264421384
9/12/2024 07:00,7409800692
9/12/2024 08:00,9464849599
9/12/2024 09:00,1135249049
9/12/2024 10:00,1272196065
9/12/2024 11:00,1342122143
9/12/2024 12:00,1370078152
9/12/2024 13:00,1372250888
9/12/2024 14:00,1401853455
9/12/2024 15:00,1455124181
9/12/2024 16:00,149043606
9/12/2024 17:00,1485758584
9/12/2024 18:00,1512944051
9/12/2024 19:00,1568658276
9/12/2024 20:00,1650578607
9/12/2024 21:00,1708099181
9/12/2024 22:00,1631673395
9/12/2024 23:00,1452209908
10/12/2024 00:00,1091170857
10/12/2024 01:00,7345368106
10/12/2024 02:00,4872576508
10/12/2024 03:00,3562572296
10/12/2024 04:00,38344212
10/12/2024 05:00,4394211479
10/12/2024 06:00,6768423101
10/12/2024 07:00,786439994
10/12/2024 08:00,9461462295
10/12/2024 09:00,1055923508
10/12/2024 10:00,1096347385
10/12/2024 11:00,112795489
10/12/2024 12:00,1134191336
10/12/2024 13:00,1248377601
10/12/2024 14:00,1389219811
10/12/2024 15:00,1508387687
10/12/2024 16:00,154017701
10/12/2024 17:00,1457012993
10/12/2024 18:00,1519730906
10/12/2024 19:00,1611017655
10/12/2024 20:00,1707368499
10/12/2024 21:00,1740310737
10/12/2024 22:00,1701858767
10/12/2024 23:00,1503222564
11/12/2024 00:00,1098604757
11/12/2024 01:00,7688614036
11/12/2024 02:00,5014989063
11/12/2024 03:00,3449261166
11/12/2024 04:00,3126164395
11/12/2024 05:00,3953450261
11/12/2024 06:00,6098719103
11/12/2024 07:00,7241263745
11/12/2024 08:00,843730596
11/12/2024 09:00,9634063806
11/12/2024 10:00,9968093297
11/12/2024 11:00,1039990845
11/12/2024 12:00,1041535339
11/12/2024 13:00,1156929971
11/12/2024 14:00,1279470329
11/12/2024 15:00,1410476373
11/12/2024 16:00,1437419241
11/12/2024 17:00,1389795462
11/12/2024 18:00,1436996571
11/12/2024 19:00,1531389862
11/12/2024 20:00,1632752394
11/12/2024 21:00,1714341004
11/12/2024 22:00,1670457822
11/12/2024 23:00,1450035142
12/12/2024 00:00,1109814416
12/12/2024 01:00,74005892
12/12/2024 02:00,4937147477
12/12/2024 03:00,3505625568
12/12/2024 04:00,3007475294
12/12/2024 05:00,4146370905
12/12/2024 06:00,6238764756
12/12/2024 07:00,7118414999
12/12/2024 08:00,8263616904
12/12/2024 09:00,9287954253
12/12/2024 10:00,9948230368
12/12/2024 11:00,1024043258
12/12/2024 12:00,105108908
12/12/2024 13:00,1164433823
12/12/2024 14:00,1253700362
12/12/2024 15:00,1314303641
12/12/2024 16:00,1340697026
12/12/2024 17:00,1337659379
12/12/2024 18:00,1403846578
12/12/2024 19:00,1486451312
12/12/2024 20:00,1589939219
12/12/2024 21:00,1642330825
12/12/2024 22:00,1598394277
12/12/2024 23:00,1396363629
13/12/2024 00:00,1052314042
13/12/2024 01:00,7359772254
13/12/2024 02:00,4950391281
13/12/2024 03:00,3638334544
13/12/2024 04:00,2946713799
13/12/2024 05:00,4006923194
13/12/2024 06:00,5930801422
13/12/2024 07:00,7089111928
13/12/2024 08:00,8264570945
13/12/2024 09:00,9261939414
13/12/2024 10:00,9841584017
13/12/2024 11:00,1015232606
13/12/2024 12:00,1035701008
13/12/2024 13:00,1140116366
13/12/2024 14:00,1240865443
13/12/2024 15:00,1291930512
13/12/2024 16:00,1332682802
13/12/2024 17:00,1336650017
13/12/2024 18:00,1372156946
13/12/2024 19:00,1441124777
13/12/2024 20:00,1520915872
13/12/2024 21:00,1598292682
13/12/2024 22:00,1593465231
13/12/2024 23:00,1430462691
14/12/2024 00:00,1121176839
14/12/2024 01:00,8059712673
14/12/2024 02:00,5421872142
14/12/2024 03:00,3828137687
14/12/2024 04:00,299564786
14/12/2024 05:00,360183077
14/12/2024 06:00,545534937
14/12/2024 07:00,7504933078
14/12/2024 08:00,9434932013
14/12/2024 09:00,1086566108
14/12/2024 10:00,1191653783
14/12/2024 11:00,1249350631
14/12/2024 12:00,1253114903
14/12/2024 13:00,1266303649
14/12/2024 14:00,1319195349
14/12/2024 15:00,1378064818
14/12/2024 16:00,1387588873
14/12/2024 17:00,1354069615
14/12/2024 18:00,1378043312
14/12/2024 19:00,1418297473
14/12/2024 20:00,147800312
14/12/2024 21:00,1545210672
14/12/2024 22:00,1543760915
14/12/2024 23:00,1411183357
15/12/2024 00:00,1155471953
15/12/2024 01:00,8421310113
15/12/2024 02:00,5714553496
15/12/2024 03:00,4143134751
15/12/2024 04:00,326746139
15/12/2024 05:00,3401105442
15/12/2024 06:00,4914871026
15/12/2024 07:00,6989982889
15/12/2024 08:00,8956861701
15/12/2024 09:00,1045480464
15/12/2024 10:00,117066384
15/12/2024 11:00,1288647761
15/12/2024 12:00,1321747365
15/12/2024 13:00,1324424899
15/12/2024 14:00,1346053227
15/12/2024 15:00,1406179506
15/12/2024 16:00,1432583865
15/12/2024 17:00,1457581639
15/12/2024 18:00,1500330801
15/12/2024 19:00,1540618222
15/12/2024 20:00,1602027821
15/12/2024 21:00,1626326147
15/12/2024 22:00,1566321163
15/12/2024 23:00,1412560588
16/12/2024 00:00,1077421812
16/12/2024 01:00,7439544212
16/12/2024 02:00,4897190281
16/12/2024 03:00,3514246662
16/12/2024 04:00,2865349643
16/12/2024 05:00,3516834196
16/12/2024 06:00,5406221439
16/12/2024 07:00,6527785351
16/12/2024 08:00,7811360706
16/12/2024 09:00,8939454724
16/12/2024 10:00,9732440268
16/12/2024 11:00,1016046541
16/12/2024 12:00,1046010487
16/12/2024 13:00,1140418788
16/12/2024 14:00,1229272903
16/12/2024 15:00,1314480056
16/12/2024 16:00,1344522559
16/12/2024 17:00,1352887835
16/12/2024 18:00,1417311334
16/12/2024 19:00,1510507298
16/12/2024 20:00,162637936
16/12/2024 21:00,1673345163
16/12/2024 22:00,1652439961
16/12/2024 23:00,1444938886
17/12/2024 00:00,1105403322
17/12/2024 01:00,7425088733
17/12/2024 02:00,476250561
17/12/2024 03:00,3485980243
17/12/2024 04:00,3097723078
17/12/2024 05:00,411394081
17/12/2024 06:00,6073933545
17/12/2024 07:00,7348376964
17/12/2024 08:00,8573847548
17/12/2024 09:00,9744955335
17/12/2024 10:00,1028353263
17/12/2024 11:00,1076052107
17/12/2024 12:00,1108559995
17/12/2024 13:00,1211638463
17/12/2024 14:00,1284648346
17/12/2024 15:00,1338889512
17/12/2024 16:00,1339609867
17/12/2024 17:00,133658083
17/12/2024 18:00,1390792017
17/12/2024 19:00,1494007322
17/12/2024 20:00,1580500878
17/12/2024 21:00,1636081857
17/12/2024 22:00,1629264791
17/12/2024 23:00,1451029452
18/12/2024 00:00,1080394138
18/12/2024 01:00,7610604718
18/12/2024 02:00,5073771377
18/12/2024 03:00,3591490098
18/12/2024 04:00,3106998864
18/12/2024 05:00,4026987016
18/12/2024 06:00,6058831887
18/12/2024 07:00,8217329877
18/12/2024 08:00,9368487635
18/12/2024 09:00,1058093455
18/12/2024 10:00,1131775743
18/12/2024 11:00,1185265721
18/12/2024 12:00,1240028157
18/12/2024 13:00,1342775191
18/12/2024 14:00,1387172033
18/12/2024 15:00,1420543774
18/12/2024 16:00,1416950461
18/12/2024 17:00,1417338782
18/12/2024 18:00,1448436387
18/12/2024 19:00,1548899007
18/12/2024 20:00,1637160885
18/12/2024 21:00,174639803
18/12/2024 22:00,1669854445
18/12/2024 23:00,1479561188
19/12/2024 00:00,1177667012
19/12/2024 01:00,8041316533
19/12/2024 02:00,5437894907
19/12/2024 03:00,3738971854
19/12/2024 04:00,3087334938
19/12/2024 05:00,3906645114
19/12/2024 06:00,5976059534
19/12/2024 07:00,7487835189
19/12/2024 08:00,8883878502
19/12/2024 09:00,9976259531
19/12/2024 10:00,1069376044
19/12/2024 11:00,1121042038
19/12/2024 12:00,1169552878
19/12/2024 13:00,123979887
19/12/2024 14:00,1320806073
19/12/2024 15:00,1380386441
19/12/2024 16:00,138635306
19/12/2024 17:00,136436352
19/12/2024 18:00,1412425747
19/12/2024 19:00,1503556905
19/12/2024 20:00,1592515288
19/12/2024 21:00,1646937265
19/12/2024 22:00,1643650873
19/12/2024 23:00,1472106117
20/12/2024 00:00,1139699987
20/12/2024 01:00,829961826
20/12/2024 02:00,5459250077
20/12/2024 03:00,3712711245
20/12/2024 04:00,299652348
20/12/2024 05:00,3872565092
20/12/2024 06:00,5671033756
20/12/2024 07:00,7376624121
20/12/2024 08:00,8913063194
20/12/2024 09:00,1002106852
20/12/2024 10:00,106948264
20/12/2024 11:00,1128024373
20/12/2024 12:00,1160299285
20/12/2024 13:00,1205118633
20/12/2024 14:00,1293445493
20/12/2024 15:00,1327971515
20/12/2024 16:00,1320052352
20/12/2024 17:00,1296485703
20/12/2024 18:00,1340193503
20/12/2024 19:00,1409389533
20/12/2024 20:00,1487795835
20/12/2024 21:00,1555749373
20/12/2024 22:00,1541654536
20/12/2024 23:00,1452432737
21/12/2024 00:00,1150397266
21/12/2024 01:00,8288972729
21/12/2024 02:00,5495211722
21/12/2024 03:00,3851942444
21/12/2024 04:00,3041072961
21/12/2024 05:00,3491804286
21/12/2024 06:00,5316323048
21/12/2024 07:00,7502172787
21/12/2024 08:00,9614833747
21/12/2024 09:00,1073384922
21/12/2024 10:00,1165742964
21/12/2024 11:00,1209562108
21/12/2024 12:00,1233769743
21/12/2024 13:00,1274448144
21/12/2024 14:00,1318522131
21/12/2024 15:00,1397527558
21/12/2024 16:00,1406480759
21/12/2024 17:00,1349062974
21/12/2024 18:00,1370742655
21/12/2024 19:00,1425711429
21/12/2024 20:00,1494392581
21/12/2024 21:00,1524604033
21/12/2024 22:00,1528135569
21/12/2024 23:00,1415214504
22/12/2024 00:00,1178310344
22/12/2024 01:00,8717429878
22/12/2024 02:00,5768239093
22/12/2024 03:00,4009356388
22/12/2024 04:00,3099365269
22/12/2024 05:00,3334076699
22/12/2024 06:00,4872012485
22/12/2024 07:00,6925308619
22/12/2024 08:00,8930631893
22/12/2024 09:00,1065822703
22/12/2024 10:00,1199971771
22/12/2024 11:00,1272454775
22/12/2024 12:00,1294348379
22/12/2024 13:00,1285859344
22/12/2024 14:00,1298991461
22/12/2024 15:00,1363063863
22/12/2024 16:00,1383902426
22/12/2024 17:00,139444391
22/12/2024 18:00,1416276402
22/12/2024 19:00,1441545121
22/12/2024 20:00,1527568995
22/12/2024 21:00,1605003515
22/12/2024 22:00,161914297
22/12/2024 23:00,1478813538
23/12/2024 00:00,116148393
23/12/2024 01:00,8013953525
23/12/2024 02:00,5208795123
23/12/2024 03:00,3696524317
23/12/2024 04:00,2812705309
23/12/2024 05:00,3330475355
23/12/2024 06:00,5061005403
23/12/2024 07:00,7055632523
23/12/2024 08:00,9102219456
23/12/2024 09:00,1053748192
23/12/2024 10:00,1129643643
23/12/2024 11:00,1189786615
23/12/2024 12:00,1237941652
23/12/2024 13:00,1227784022
23/12/2024 14:00,127482333
23/12/2024 15:00,1312481559
23/12/2024 16:00,1309666432
23/12/2024 17:00,1298499138
23/12/2024 18:00,1305474745
23/12/2024 19:00,1376792905
23/12/2024 20:00,14404946
23/12/2024 21:00,1525468381
23/12/2024 22:00,1565642226
23/12/2024 23:00,1451566586
24/12/2024 00:00,1179812145
24/12/2024 01:00,8470733549
24/12/2024 02:00,5530088174
24/12/2024 03:00,3882766899
24/12/2024 04:00,3127579122
24/12/2024 05:00,3551889485
24/12/2024 06:00,5263293306
24/12/2024 07:00,7297543897
24/12/2024 08:00,9199138265
24/12/2024 09:00,1045263249
24/12/2024 10:00,113920631
24/12/2024 11:00,1194497809
24/12/2024 12:00,1216649417
24/12/2024 13:00,1236892525
24/12/2024 14:00,1282701074
24/12/2024 15:00,1328865991
24/12/2024 16:00,1358231854
24/12/2024 17:00,1340851758
24/12/2024 18:00,1324420792
24/12/2024 19:00,1304062405
24/12/2024 20:00,1299745414
24/12/2024 21:00,1296252169
24/12/2024 22:00,1273017399
24/12/2024 23:00,1180264245
25/12/2024 00:00,102209567
25/12/2024 01:00,1068038863
25/12/2024 02:00,9024299377
25/12/2024 03:00,6615443761
25/12/2024 04:00,4469574309
25/12/2024 05:00,3373125435
25/12/2024 06:00,3954503482
25/12/2024 07:00,5532639699
25/12/2024 08:00,7251509857
25/12/2024 09:00,9793948745
25/12/2024 10:00,1166824006
25/12/2024 11:00,1331536202
25/12/2024 12:00,1402962544
25/12/2024 13:00,1418829113
25/12/2024 14:00,1417062482
25/12/2024 15:00,1479580474
25/12/2024 16:00,1480288111
25/12/2024 17:00,1513911078
25/12/2024 18:00,1568713044
25/12/2024 19:00,1631951564
25/12/2024 20:00,1717499914
25/12/2024 21:00,1772935865
25/12/2024 22:00,1735725159
25/12/2024 23:00,153666899
26/12/2024 00:00,1215718095
26/12/2024 01:00,8504174302
26/12/2024 02:00,5563137578
26/12/2024 03:00,3884440309
26/12/2024 04:00,2947702298
26/12/2024 05:00,3238249735
26/12/2024 06:00,4642068907
26/12/2024 07:00,6517314182
26/12/2024 08:00,8832724826
26/12/2024 09:00,1075524656
26/12/2024 10:00,124256534
26/12/2024 11:00,1332114535
26/12/2024 12:00,1341836788
26/12/2024 13:00,1364833876
26/12/2024 14:00,1411898824
26/12/2024 15:00,145335275
26/12/2024 16:00,1473255589
26/12/2024 17:00,1493722585
26/12/2024 18:00,1498126136
26/12/2024 19:00,1565608316
26/12/2024 20:00,1644873323
26/12/2024 21:00,1756940136
26/12/2024 22:00,1760761139
26/12/2024 23:00,158957476
27/12/2024 00:00,1237029488
27/12/2024 01:00,8668169508
27/12/2024 02:00,5672711035
27/12/2024 03:00,3857421232
27/12/2024 04:00,2921209266
27/12/2024 05:00,3158268851
27/12/2024 06:00,4736771593
27/12/2024 07:00,643359116
27/12/2024 08:00,8443233217
27/12/2024 09:00,1022856137
27/12/2024 10:00,1153800111
27/12/2024 11:00,1233964674
27/12/2024 12:00,1293480838
27/12/2024 13:00,1303823281
27/12/2024 14:00,1407975213
27/12/2024 15:00,1467854489
27/12/2024 16:00,1458144002
27/12/2024 17:00,1419621587
27/12/2024 18:00,1452581825
27/12/2024 19:00,1571443078
27/12/2024 20:00,162178604
27/12/2024 21:00,1709946916
27/12/2024 22:00,1698547582
27/12/2024 23:00,1574197175
28/12/2024 00:00,1247503492
28/12/2024 01:00,8935898054
28/12/2024 02:00,6031500341
28/12/2024 03:00,4101813512
28/12/2024 04:00,3128542927
28/12/2024 05:00,3244298354
28/12/2024 06:00,4606663166
28/12/2024 07:00,6416569716
28/12/2024 08:00,8414039685
28/12/2024 09:00,1010765036
28/12/2024 10:00,1153646423
28/12/2024 11:00,1228498268
28/12/2024 12:00,1293258723
28/12/2024 13:00,1317926481
28/12/2024 14:00,1354257841
28/12/2024 15:00,1424496109
28/12/2024 16:00,1426048783
28/12/2024 17:00,1452836994
28/12/2024 18:00,1473575999
28/12/2024 19:00,1513894991
28/12/2024 20:00,1552266263
28/12/2024 21:00,1617718147
28/12/2024 22:00,1622674525
28/12/2024 23:00,1516673983
29/12/2024 00:00,1255919883
29/12/2024 01:00,9206081506
29/12/2024 02:00,6290068927
29/12/2024 03:00,4282915237
29/12/2024 04:00,3257755364
29/12/2024 05:00,3176369741
29/12/2024 06:00,4518045384
29/12/2024 07:00,6057619452
29/12/2024 08:00,8146952899
29/12/2024 09:00,1016478695
29/12/2024 10:00,118723226
29/12/2024 11:00,1268592993
29/12/2024 12:00,1352397505
29/12/2024 13:00,139393967
29/12/2024 14:00,140793761
29/12/2024 15:00,1490557607
29/12/2024 16:00,149589499
29/12/2024 17:00,1517235554
29/12/2024 18:00,1560269834
29/12/2024 19:00,1573916516
29/12/2024 20:00,1653705611
29/12/2024 21:00,1714321839
29/12/2024 22:00,1702601021
29/12/2024 23:00,154369996
30/12/2024 00:00,1226041699
30/12/2024 01:00,8533225408
30/12/2024 02:00,5601058767
30/12/2024 03:00,3824063359
30/12/2024 04:00,3256762206
30/12/2024 05:00,3645310443
30/12/2024 06:00,5089614157
30/12/2024 07:00,6828579631
30/12/2024 08:00,8639412641
30/12/2024 09:00,1008704407
30/12/2024 10:00,1110003365
30/12/2024 11:00,1210673547
30/12/2024 12:00,1252294508
30/12/2024 13:00,1284068026
30/12/2024 14:00,1313821325
30/12/2024 15:00,1379782764
30/12/2024 16:00,1387399169
30/12/2024 17:00,1358308543
30/12/2024 18:00,1376848499
30/12/2024 19:00,1424461627
30/12/2024 20:00,1520567237
30/12/2024 21:00,1630768382
30/12/2024 22:00,167703136
30/12/2024 23:00,1519252945
31/12/2024 00:00,1209980299
31/12/2024 01:00,8603531368
31/12/2024 02:00,5903806073
31/12/2024 03:00,4167765255
31/12/2024 04:00,3259414506
31/12/2024 05:00,3404549235
31/12/2024 06:00,480467465
31/12/2024 07:00,6643316815
31/12/2024 08:00,8579554295
31/12/2024 09:00,1012442256
31/12/2024 10:00,1128777946
31/12/2024 11:00,1201423254
31/12/2024 12:00,1226013443
31/12/2024 13:00,1241555456
31/12/2024 14:00,1275766565
31/12/2024 15:00,1325643328
31/12/2024 16:00,1343865433
31/12/2024 17:00,1321766544
31/12/2024 18:00,1318131814
31/12/2024 19:00,1306612457
31/12/2024 20:00,1282295346
31/12/2024 21:00,1274954075
31/12/2024 22:00,1244629551
31/12/2024 23:00,1149075794
1/01/2025 00:00,995537493
1/01/2025 01:00,1017186624
1/01/2025 02:00,8959664374
1/01/2025 03:00,6795162127
1/01/2025 04:00,4891476204
1/01/2025 05:00,3730582585
1/01/2025 06:00,3925296401
1/01/2025 07:00,501341335
1/01/2025 08:00,6742054242
1/01/2025 09:00,8710183081
1/01/2025 10:00,1034096059
1/01/2025 11:00,1171973707
1/01/2025 12:00,128847744
1/01/2025 13:00,1330098391
1/01/2025 14:00,1315983427
1/01/2025 15:00,1370027131
1/01/2025 16:00,1419970866
1/01/2025 17:00,1477370055
1/01/2025 18:00,1513752272
1/01/2025 19:00,1579322116
1/01/2025 20:00,1626638589
1/01/2025 21:00,1680961272
1/01/2025 22:00,1650890751
1/01/2025 23:00,1496503394
2/01/2025 00:00,1190359055
2/01/2025 01:00,8496551944
2/01/2025 02:00,5831946405
2/01/2025 03:00,4075184889
2/01/2025 04:00,3038223211
2/01/2025 05:00,319176166
2/01/2025 06:00,4517064859
2/01/2025 07:00,6242181214
2/01/2025 08:00,8288732707
2/01/2025 09:00,9973847146
2/01/2025 10:00,1142658583
2/01/2025 11:00,1296645485
2/01/2025 12:00,1365934027
2/01/2025 13:00,14669747
2/01/2025 14:00,1454755048
2/01/2025 15:00,1511416247
2/01/2025 16:00,1504319732
2/01/2025 17:00,1510568067
2/01/2025 18:00,1581108144
2/01/2025 19:00,1639260342
2/01/2025 20:00,1689324886
2/01/2025 21:00,1736707525
2/01/2025 22:00,1731585178
2/01/2025 23:00,1610990819
3/01/2025 00:00,126566859
3/01/2025 01:00,8882269061
3/01/2025 02:00,5890985444
3/01/2025 03:00,4147612438
3/01/2025 04:00,3151885937
3/01/2025 05:00,3245022938
3/01/2025 06:00,4533825249
3/01/2025 07:00,624329185
3/01/2025 08:00,8464595155
3/01/2025 09:00,1028605761
3/01/2025 10:00,1157301181
3/01/2025 11:00,1263688601
3/01/2025 12:00,1353620139
3/01/2025 13:00,134688428
3/01/2025 14:00,1434688783
3/01/2025 15:00,1484647236
3/01/2025 16:00,1504650489
3/01/2025 17:00,1488601602
3/01/2025 18:00,1494295539
3/01/2025 19:00,155371194
3/01/2025 20:00,165666925
3/01/2025 21:00,1723767505
3/01/2025 22:00,1704286112
3/01/2025 23:00,1570073598
4/01/2025 00:00,1279141937
4/01/2025 01:00,9070195744
4/01/2025 02:00,5997695178
4/01/2025 03:00,4334751829
4/01/2025 04:00,3097458176
4/01/2025 05:00,3368382227
4/01/2025 06:00,4769249059
4/01/2025 07:00,6559264034
4/01/2025 08:00,8961073748
4/01/2025 09:00,1019022854
4/01/2025 10:00,1205893865
4/01/2025 11:00,1307539751
4/01/2025 12:00,1396212926
4/01/2025 13:00,1386194591
4/01/2025 14:00,1407941694
4/01/2025 15:00,1484783374
4/01/2025 16:00,1490963786
4/01/2025 17:00,1511365484
4/01/2025 18:00,1517328506
4/01/2025 19:00,1548514384
4/01/2025 20:00,1596987165
4/01/2025 21:00,1663198943
4/01/2025 22:00,1671472719
4/01/2025 23:00,1545082284
5/01/2025 00:00,1288978779
5/01/2025 01:00,9532788921
5/01/2025 02:00,6671354515
5/01/2025 03:00,470321718
5/01/2025 04:00,3426526861
5/01/2025 05:00,3243578699
5/01/2025 06:00,4597782812
5/01/2025 07:00,6581516388
5/01/2025 08:00,8408932041
5/01/2025 09:00,9997313457
5/01/2025 10:00,1164816475
5/01/2025 11:00,1341696123
5/01/2025 12:00,1414277881
5/01/2025 13:00,1468619599
5/01/2025 14:00,1404994923
5/01/2025 15:00,1461895988
5/01/2025 16:00,1497660012
5/01/2025 17:00,1536959703
5/01/2025 18:00,1608972298
5/01/2025 19:00,1643938116
5/01/2025 20:00,1695702458
5/01/2025 21:00,1782849082
5/01/2025 22:00,1728463646
5/01/2025 23:00,1566289518
6/01/2025 00:00,1223777255
6/01/2025 01:00,8613409394
6/01/2025 02:00,5685633187
6/01/2025 03:00,400292269
6/01/2025 04:00,3157616016
6/01/2025 05:00,3427898138
6/01/2025 06:00,5064258267
6/01/2025 07:00,6768441748
6/01/2025 08:00,8558150893
6/01/2025 09:00,1007952807
6/01/2025 10:00,1135533961
6/01/2025 11:00,1211457142
6/01/2025 12:00,1284726266
6/01/2025 13:00,1348198663
6/01/2025 14:00,1410466237
6/01/2025 15:00,1460832987
6/01/2025 16:00,144088807
6/01/2025 17:00,1438213061
6/01/2025 18:00,1473994502
6/01/2025 19:00,1556360736
6/01/2025 20:00,1663748353
6/01/2025 21:00,1715755057
6/01/2025 22:00,1699719563
6/01/2025 23:00,153099787
7/01/2025 00:00,1244684454
7/01/2025 01:00,8439454763
7/01/2025 02:00,5460624625
7/01/2025 03:00,3872932332
7/01/2025 04:00,3188453469
7/01/2025 05:00,3497187214
7/01/2025 06:00,5179903608
7/01/2025 07:00,6833659955
7/01/2025 08:00,8796897764
7/01/2025 09:00,1034849817
7/01/2025 10:00,1149055241
7/01/2025 11:00,128263116
7/01/2025 12:00,1372757377
7/01/2025 13:00,1396797135
7/01/2025 14:00,1402217711
7/01/2025 15:00,143831749
7/01/2025 16:00,1473531573
7/01/2025 17:00,1468807218
7/01/2025 18:00,1497617119
7/01/2025 19:00,1604542686
7/01/2025 20:00,1673760051
7/01/2025 21:00,1741319024
7/01/2025 22:00,1726534092
7/01/2025 23:00,1544496883
8/01/2025 00:00,1210483261
8/01/2025 01:00,8506661062
8/01/2025 02:00,5507306265
8/01/2025 03:00,4006259572
8/01/2025 04:00,3257958273
8/01/2025 05:00,3618575192
8/01/2025 06:00,5198127243
8/01/2025 07:00,6878680013
8/01/2025 08:00,8893668784
8/01/2025 09:00,105286015
8/01/2025 10:00,1176047496
8/01/2025 11:00,1239088129
8/01/2025 12:00,128742319
8/01/2025 13:00,1374178866
8/01/2025 14:00,141836206
8/01/2025 15:00,149382811
8/01/2025 16:00,1457196654
8/01/2025 17:00,1424524627
8/01/2025 18:00,1481463667
8/01/2025 19:00,1550171693
8/01/2025 20:00,1668776609
8/01/2025 21:00,1737290884
8/01/2025 22:00,1739473561
8/01/2025 23:00,1567109401
9/01/2025 00:00,1201587259
9/01/2025 01:00,8510931122
9/01/2025 02:00,5606135001
9/01/2025 03:00,399862305
9/01/2025 04:00,3040104306
9/01/2025 05:00,3502099172
9/01/2025 06:00,5195544242
9/01/2025 07:00,7151251833
9/01/2025 08:00,8803123586
9/01/2025 09:00,105124561
9/01/2025 10:00,1154633332
9/01/2025 11:00,1243130383
9/01/2025 12:00,1293677819
9/01/2025 13:00,1379331687
9/01/2025 14:00,1467637254
9/01/2025 15:00,1511067846
9/01/2025 16:00,1454107485
9/01/2025 17:00,1451713414
9/01/2025 18:00,150204788
9/01/2025 19:00,1575131141
9/01/2025 20:00,1644701113
9/01/2025 21:00,1707527385
9/01/2025 22:00,1682785682
9/01/2025 23:00,153030003
10/01/2025 00:00,124556465
10/01/2025 01:00,8736727227
10/01/2025 02:00,580149173
10/01/2025 03:00,4153678459
10/01/2025 04:00,323442771
10/01/2025 05:00,3680085252
10/01/2025 06:00,5306005591
10/01/2025 07:00,7298099609
10/01/2025 08:00,9333907393
10/01/2025 09:00,1075821605
10/01/2025 10:00,119125319
10/01/2025 11:00,1266767711
10/01/2025 12:00,1340521662
10/01/2025 13:00,1362050245
10/01/2025 14:00,1385939255
10/01/2025 15:00,1433836565
10/01/2025 16:00,1433916179
10/01/2025 17:00,1403568648
10/01/2025 18:00,1456139645
10/01/2025 19:00,152690566
10/01/2025 20:00,1606519909
10/01/2025 21:00,1676597319
10/01/2025 22:00,1675361106
10/01/2025 23:00,1526354586
11/01/2025 00:00,1239512337
11/01/2025 01:00,8947941551
11/01/2025 02:00,5914935964
11/01/2025 03:00,4208104913
11/01/2025 04:00,3147945349
11/01/2025 05:00,3502126196
11/01/2025 06:00,5078652149
11/01/2025 07:00,6933924725
11/01/2025 08:00,8841678813
11/01/2025 09:00,1049519722
11/01/2025 10:00,1159279184
11/01/2025 11:00,1245690929
11/01/2025 12:00,1278533944
11/01/2025 13:00,1323971325
11/01/2025 14:00,1342085786
11/01/2025 15:00,1426097991
11/01/2025 16:00,1452247932
11/01/2025 17:00,14283015
11/01/2025 18:00,1472894159
11/01/2025 19:00,1505808414
11/01/2025 20:00,1577246271
11/01/2025 21:00,1640835744
11/01/2025 22:00,1624677958
11/01/2025 23:00,1495018641
12/01/2025 00:00,1256317955
12/01/2025 01:00,936537636
12/01/2025 02:00,6550183385
12/01/2025 03:00,4648354383
12/01/2025 04:00,3498952751
12/01/2025 05:00,324032758
12/01/2025 06:00,4499886877
12/01/2025 07:00,6787067507
12/01/2025 08:00,8716560798
12/01/2025 09:00,1031491952
12/01/2025 10:00,1184539976
12/01/2025 11:00,1305906106
12/01/2025 12:00,1353707554
12/01/2025 13:00,1417413973
12/01/2025 14:00,153152
12/01/2025 15:00,1620367234
12/01/2025 16:00,1603188542
12/01/2025 17:00,1598359123
12/01/2025 18:00,1645253241
12/01/2025 19:00,1605473573
12/01/2025 20:00,1675686
12/01/2025 21:00,1728293007
12/01/2025 22:00,1706597471
12/01/2025 23:00,1547149064
13/01/2025 00:00,1195739968
13/01/2025 01:00,8286696635
13/01/2025 02:00,5472067601
13/01/2025 03:00,3809709913
13/01/2025 04:00,3006725335
13/01/2025 05:00,3367441057
13/01/2025 06:00,501046647
13/01/2025 07:00,6903387691
13/01/2025 08:00,8769694682
13/01/2025 09:00,1015461567
13/01/2025 10:00,1098340851
13/01/2025 11:00,1192098353
13/01/2025 12:00,126586301
13/01/2025 13:00,1321944373
13/01/2025 14:00,1369694997
13/01/2025 15:00,1432633429
13/01/2025 16:00,1421949807
13/01/2025 17:00,1434412428
13/01/2025 18:00,1497036072
13/01/2025 19:00,1549557469
13/01/2025 20:00,1687908468
13/01/2025 21:00,1763057736
13/01/2025 22:00,1775396892
13/01/2025 23:00,1559965596
14/01/2025 00:00,1217188269
14/01/2025 01:00,8568194145
14/01/2025 02:00,5644423554
14/01/2025 03:00,3843121539
14/01/2025 04:00,3512345342
14/01/2025 05:00,3965108603
14/01/2025 06:00,5997626134
14/01/2025 07:00,8136448738
14/01/2025 08:00,1021091101
14/01/2025 09:00,1179435141
14/01/2025 10:00,130392616
14/01/2025 11:00,1369606572
14/01/2025 12:00,1412516403
14/01/2025 13:00,1465396264
14/01/2025 14:00,1547502959
14/01/2025 15:00,1575035015
14/01/2025 16:00,1561176144
14/01/2025 17:00,1514775662
14/01/2025 18:00,1639017281
14/01/2025 19:00,1732865656
14/01/2025 20:00,1794401288
14/01/2025 21:00,1836216524
14/01/2025 22:00,1823118028
14/01/2025 23:00,1650916054
15/01/2025 00:00,1286248792
15/01/2025 01:00,9121699717
15/01/2025 02:00,6014855267
15/01/2025 03:00,4139420056
15/01/2025 04:00,3105751093
15/01/2025 05:00,3752975509
15/01/2025 06:00,564848703
15/01/2025 07:00,7775394971
15/01/2025 08:00,9654312319
15/01/2025 09:00,1074907653
15/01/2025 10:00,1198997556
15/01/2025 11:00,1267299395
15/01/2025 12:00,1300300138
15/01/2025 13:00,136369271
15/01/2025 14:00,1483101714
15/01/2025 15:00,1519483119
15/01/2025 16:00,1505976296
15/01/2025 17:00,1503609098
15/01/2025 18:00,1529909857
15/01/2025 19:00,1606853337
15/01/2025 20:00,1728781166
15/01/2025 21:00,1815201804
15/01/2025 22:00,1815533023
15/01/2025 23:00,1623717708
16/01/2025 00:00,1257224608
16/01/2025 01:00,8817386722
16/01/2025 02:00,5786296225
16/01/2025 03:00,3996756049
16/01/2025 04:00,3119096576
16/01/2025 05:00,3763021381
16/01/2025 06:00,5555723508
16/01/2025 07:00,7480879035
16/01/2025 08:00,9726352437
16/01/2025 09:00,1111920316
16/01/2025 10:00,1208696563
16/01/2025 11:00,1276742391
16/01/2025 12:00,1326872318
16/01/2025 13:00,13953816
16/01/2025 14:00,1452997717
16/01/2025 15:00,1504328038
16/01/2025 16:00,1500447857
16/01/2025 17:00,1503042537
16/01/2025 18:00,152514785
16/01/2025 19:00,1618200429
16/01/2025 20:00,170340451
16/01/2025 21:00,1784196128
16/01/2025 22:00,1792391167
16/01/2025 23:00,1625373067
17/01/2025 00:00,1243065146
17/01/2025 01:00,8749432935
17/01/2025 02:00,5667522516
17/01/2025 03:00,3953930106
17/01/2025 04:00,3123840613
17/01/2025 05:00,3788153391
17/01/2025 06:00,5974223506
17/01/2025 07:00,7242490036
17/01/2025 08:00,9627668732
17/01/2025 09:00,107979342
17/01/2025 10:00,117237149
17/01/2025 11:00,1273895662
17/01/2025 12:00,1302621248
17/01/2025 13:00,1335033676
17/01/2025 14:00,1402050178
17/01/2025 15:00,1442490247
17/01/2025 16:00,1453332415
17/01/2025 17:00,1426336188
17/01/2025 18:00,146236011
17/01/2025 19:00,1587171134
17/01/2025 20:00,1685681284
17/01/2025 21:00,1750322772
17/01/2025 22:00,1728011392
17/01/2025 23:00,1586391956
18/01/2025 00:00,1251548775
18/01/2025 01:00,9148478947
18/01/2025 02:00,608440486
18/01/2025 03:00,4304234549
18/01/2025 04:00,3216110133
18/01/2025 05:00,3555529685
18/01/2025 06:00,5477313484
18/01/2025 07:00,7532242534
18/01/2025 08:00,9530426286
18/01/2025 09:00,1092067115
18/01/2025 10:00,123184684
18/01/2025 11:00,1312723118
18/01/2025 12:00,13299991
18/01/2025 13:00,1366209033
18/01/2025 14:00,1443783756
18/01/2025 15:00,1510844322
18/01/2025 16:00,153741697
18/01/2025 17:00,1544228138
18/01/2025 18:00,1536243069
18/01/2025 19:00,1586111123
18/01/2025 20:00,1694049303
18/01/2025 21:00,1714079968
18/01/2025 22:00,166320137
18/01/2025 23:00,1542603778
19/01/2025 00:00,130054805
19/01/2025 01:00,9512101437
19/01/2025 02:00,6495993842
19/01/2025 03:00,4434093794
19/01/2025 04:00,3392265446
19/01/2025 05:00,3307058389
19/01/2025 06:00,4900062451
19/01/2025 07:00,6926373962
19/01/2025 08:00,8917513885
19/01/2025 09:00,1122146783
19/01/2025 10:00,1284268398
19/01/2025 11:00,1368527457
19/01/2025 12:00,1384259512
19/01/2025 13:00,1384004867
19/01/2025 14:00,1424311534
19/01/2025 15:00,1496494551
19/01/2025 16:00,1595875133
19/01/2025 17:00,1570156401
19/01/2025 18:00,1609868333
19/01/2025 19:00,1639952532
19/01/2025 20:00,1712600789
19/01/2025 21:00,1754918816
19/01/2025 22:00,1715748807
19/01/2025 23:00,1550133606
20/01/2025 00:00,120887803
20/01/2025 01:00,8400439773
20/01/2025 02:00,5489633515
20/01/2025 03:00,383776149
20/01/2025 04:00,2924004354
20/01/2025 05:00,3498127371
20/01/2025 06:00,5287764504
20/01/2025 07:00,7041977641
20/01/2025 08:00,8903182719
20/01/2025 09:00,1057512153
20/01/2025 10:00,1150094613
20/01/2025 11:00,1232086076
20/01/2025 12:00,128984133
20/01/2025 13:00,1327320705
20/01/2025 14:00,1417154517
20/01/2025 15:00,1454596485
20/01/2025 16:00,1478900371
20/01/2025 17:00,1448025667
20/01/2025 18:00,1505005193
20/01/2025 19:00,1584370512
20/01/2025 20:00,1695907288
20/01/2025 21:00,1764944264
20/01/2025 22:00,1746478564
20/01/2025 23:00,1546784897
21/01/2025 00:00,1195576672
21/01/2025 01:00,8010394603
21/01/2025 02:00,5368654199
21/01/2025 03:00,3739164041
21/01/2025 04:00,2981971016
21/01/2025 05:00,3543820349
21/01/2025 06:00,5506597827
21/01/2025 07:00,7355560991
21/01/2025 08:00,9313003066
21/01/2025 09:00,1085068873
21/01/2025 10:00,1169590756
21/01/2025 11:00,1244259613
21/01/2025 12:00,1300967737
21/01/2025 13:00,1360532101
21/01/2025 14:00,1477190905
21/01/2025 15:00,1583920555
21/01/2025 16:00,157937118
21/01/2025 17:00,1514662264
21/01/2025 18:00,1537051236
21/01/2025 19:00,1600524699
21/01/2025 20:00,1713013233
21/01/2025 21:00,176615098
21/01/2025 22:00,1746984576
21/01/2025 23:00,1564429871
22/01/2025 00:00,1217751973
22/01/2025 01:00,8576611513
22/01/2025 02:00,5612254425
22/01/2025 03:00,3888378095
22/01/2025 04:00,3046207644
22/01/2025 05:00,3702527091
22/01/2025 06:00,5677866553
22/01/2025 07:00,7613424919
22/01/2025 08:00,9355078759
22/01/2025 09:00,1092566474
22/01/2025 10:00,1186460745
22/01/2025 11:00,1253727535
22/01/2025 12:00,134403061
22/01/2025 13:00,14160155
22/01/2025 14:00,1518593886
22/01/2025 15:00,1582242127
22/01/2025 16:00,1573454509
22/01/2025 17:00,1495852081
22/01/2025 18:00,1541714088
22/01/2025 19:00,1633146874
22/01/2025 20:00,171229355
22/01/2025 21:00,179611544
22/01/2025 22:00,1797074624
22/01/2025 23:00,1601377334
23/01/2025 00:00,122847144
23/01/2025 01:00,8473604453
23/01/2025 02:00,5622019831
23/01/2025 03:00,3827079043
23/01/2025 04:00,3006608159
23/01/2025 05:00,3736855154
23/01/2025 06:00,5594483354
23/01/2025 07:00,7561874177
23/01/2025 08:00,9281594277
23/01/2025 09:00,1082341124
23/01/2025 10:00,1217300862
23/01/2025 11:00,1274947338
23/01/2025 12:00,132636388
23/01/2025 13:00,1387929023
23/01/2025 14:00,1463768354
23/01/2025 15:00,1501231592
23/01/2025 16:00,1524503527
23/01/2025 17:00,1514277476
23/01/2025 18:00,153942609
23/01/2025 19:00,1629921369
23/01/2025 20:00,174998776
23/01/2025 21:00,1802577901
23/01/2025 22:00,1771849865
23/01/2025 23:00,1570420164
24/01/2025 00:00,1230517515
24/01/2025 01:00,8633794327
24/01/2025 02:00,5542225999
24/01/2025 03:00,3892013986
24/01/2025 04:00,3053825983
24/01/2025 05:00,3799232577
24/01/2025 06:00,5554209323
24/01/2025 07:00,7515315633
24/01/2025 08:00,938863366
24/01/2025 09:00,1095690512
24/01/2025 10:00,1193364166
24/01/2025 11:00,1245074608
24/01/2025 12:00,1298169878
24/01/2025 13:00,1341524457
24/01/2025 14:00,1433590566
24/01/2025 15:00,147768588
24/01/2025 16:00,1495345553
24/01/2025 17:00,1462238231
24/01/2025 18:00,1506654312
24/01/2025 19:00,1573052154
24/01/2025 20:00,1694229719
24/01/2025 21:00,1751787287
24/01/2025 22:00,1734979023
24/01/2025 23:00,1596215581
25/01/2025 00:00,1265059624
25/01/2025 01:00,8903737203
25/01/2025 02:00,5949466192
25/01/2025 03:00,4081189006
25/01/2025 04:00,3157214208
25/01/2025 05:00,3513466193
25/01/2025 06:00,519599354
25/01/2025 07:00,7370878125
25/01/2025 08:00,9365909939
25/01/2025 09:00,1115666937
25/01/2025 10:00,1233677029
25/01/2025 11:00,1305919469
25/01/2025 12:00,1358306294
25/01/2025 13:00,141653526
25/01/2025 14:00,1427566684
25/01/2025 15:00,1503137016
25/01/2025 16:00,1530063695
25/01/2025 17:00,1517594473
25/01/2025 18:00,1533355927
25/01/2025 19:00,1568224219
25/01/2025 20:00,1600289366
25/01/2025 21:00,1640359012
25/01/2025 22:00,164300621
25/01/2025 23:00,1530429901
26/01/2025 00:00,1266726508
26/01/2025 01:00,9279499556
26/01/2025 02:00,6352817095
26/01/2025 03:00,4446538321
26/01/2025 04:00,3356355442
26/01/2025 05:00,3301522148
26/01/2025 06:00,4917201664
26/01/2025 07:00,6859773299
26/01/2025 08:00,8201681274
26/01/2025 09:00,1062785068
26/01/2025 10:00,1217764027
26/01/2025 11:00,1318499151
26/01/2025 12:00,1358310949
26/01/2025 13:00,1397712886
26/01/2025 14:00,1435528331
26/01/2025 15:00,1541291014
26/01/2025 16:00,1579894177
26/01/2025 17:00,1575043631
26/01/2025 18:00,1611207086
26/01/2025 19:00,1638123105
26/01/2025 20:00,1713823853
26/01/2025 21:00,176390449
26/01/2025 22:00,1747582712
26/01/2025 23:00,1557152041
27/01/2025 00:00,1214308007
27/01/2025 01:00,8380262169
27/01/2025 02:00,5407488113
27/01/2025 03:00,3685513461
27/01/2025 04:00,2987814642
27/01/2025 05:00,3447193448
27/01/2025 06:00,513334901
27/01/2025 07:00,68246041
27/01/2025 08:00,8875306689
27/01/2025 09:00,1039126305
27/01/2025 10:00,1152286246
27/01/2025 11:00,1232986173
27/01/2025 12:00,1304026488
27/01/2025 13:00,1340905508
27/01/2025 14:00,1417866302
27/01/2025 15:00,1461050405
27/01/2025 16:00,148292007
27/01/2025 17:00,1485169146
27/01/2025 18:00,1532239772
27/01/2025 19:00,1593383325
27/01/2025 20:00,1684012268
27/01/2025 21:00,1756779107
27/01/2025 22:00,1742487959
27/01/2025 23:00,1560856511
28/01/2025 00:00,1200707415
28/01/2025 01:00,8187099342
28/01/2025 02:00,5349596977
28/01/2025 03:00,3708713841
28/01/2025 04:00,2973764638
28/01/2025 05:00,3428611647
28/01/2025 06:00,5396818716
28/01/2025 07:00,7449520159
28/01/2025 08:00,9399881127
28/01/2025 09:00,1107912695
28/01/2025 10:00,1210601099
28/01/2025 11:00,1292862358
28/01/2025 12:00,1359685377
28/01/2025 13:00,1445560328
28/01/2025 14:00,1531009879
28/01/2025 15:00,1559522638
28/01/2025 16:00,1555201235
28/01/2025 17:00,1543130932
28/01/2025 18:00,1592851479
28/01/2025 19:00,1685339089
28/01/2025 20:00,1735393504
28/01/2025 21:00,1797422199
28/01/2025 22:00,1801682737
28/01/2025 23:00,157769789
29/01/2025 00:00,121950472
29/01/2025 01:00,8485475129
29/01/2025 02:00,5664131097
29/01/2025 03:00,3949967676
29/01/2025 04:00,3157009153
29/01/2025 05:00,3747940221
29/01/2025 06:00,5631987887
29/01/2025 07:00,7624771599
29/01/2025 08:00,9660083757
29/01/2025 09:00,1120663116
29/01/2025 10:00,1220186395
29/01/2025 11:00,1284855624
29/01/2025 12:00,1311150068
29/01/2025 13:00,1375508567
29/01/2025 14:00,152323545
29/01/2025 15:00,1678054088
29/01/2025 16:00,1651593975
29/01/2025 17:00,1512074173
29/01/2025 18:00,1503125721
29/01/2025 19:00,1579884044
29/01/2025 20:00,1648054844
29/01/2025 21:00,1702293457
29/01/2025 22:00,1741776866
29/01/2025 23:00,1598497414
30/01/2025 00:00,1236628768
30/01/2025 01:00,8403838556
30/01/2025 02:00,5539899259
30/01/2025 03:00,3837963006
30/01/2025 04:00,3092522534
30/01/2025 05:00,3582893106
30/01/2025 06:00,559589292
30/01/2025 07:00,7441868128
30/01/2025 08:00,9427085582
30/01/2025 09:00,1091493927
30/01/2025 10:00,1179107778
30/01/2025 11:00,1277023694
30/01/2025 12:00,1316396978
30/01/2025 13:00,1381251491
30/01/2025 14:00,1447896181
30/01/2025 15:00,1522820853
30/01/2025 16:00,1521780448
30/01/2025 17:00,1505845008
30/01/2025 18:00,1564030514
30/01/2025 19:00,1638848412
30/01/2025 20:00,1711141942
30/01/2025 21:00,1769593966
30/01/2025 22:00,1784829439
30/01/2025 23:00,1605559361
31/01/2025 00:00,1271718817
31/01/2025 01:00,8643897741
31/01/2025 02:00,575053278
31/01/2025 03:00,3934703394
31/01/2025 04:00,3521537563
31/01/2025 05:00,4158506205
31/01/2025 06:00,6067909463
31/01/2025 07:00,8032956689
31/01/2025 08:00,1034318654
31/01/2025 09:00,122853015
31/01/2025 10:00,1351611424
31/01/2025 11:00,1420004153
31/01/2025 12:00,1450492552
31/01/2025 13:00,1487521724
31/01/2025 14:00,1539978081
31/01/2025 15:00,1584006736
31/01/2025 16:00,1564392531
31/01/2025 17:00,1547459965
31/01/2025 18:00,1581231703
31/01/2025 19:00,164194181
31/01/2025 20:00,17233396
31/01/2025 21:00,1809958345
31/01/2025 22:00,1793141989
31/01/2025 23:00,1653532197
1/02/2025 00:00,1324956649
1/02/2025 01:00,9102891393
1/02/2025 02:00,5953373571
1/02/2025 03:00,3967748879
1/02/2025 04:00,3132564913
1/02/2025 05:00,3408504459
1/02/2025 06:00,5314362706
1/02/2025 07:00,7474434952
1/02/2025 08:00,9414580554
1/02/2025 09:00,1158255069
1/02/2025 10:00,1281200782
1/02/2025 11:00,1353843545
1/02/2025 12:00,1380545436
1/02/2025 13:00,140098456
1/02/2025 14:00,1449711574
1/02/2025 15:00,1540792721
1/02/2025 16:00,158199331
1/02/2025 17:00,1543493994
1/02/2025 18:00,1552481362
1/02/2025 19:00,1590520887
1/02/2025 20:00,1651430256
1/02/2025 21:00,1705838699
1/02/2025 22:00,1739059897
1/02/2025 23:00,162342998
2/02/2025 00:00,1355472819
2/02/2025 01:00,9729784908
2/02/2025 02:00,6407021606
2/02/2025 03:00,4397525879
2/02/2025 04:00,3339403306
2/02/2025 05:00,3293902164
2/02/2025 06:00,48205702
2/02/2025 07:00,6904431225
2/02/2025 08:00,9368935195
2/02/2025 09:00,1135207503
2/02/2025 10:00,1239692201
2/02/2025 11:00,1365733726
2/02/2025 12:00,1413170122
2/02/2025 13:00,1408444984
2/02/2025 14:00,1414150898
2/02/2025 15:00,1498744437
2/02/2025 16:00,1541484629
2/02/2025 17:00,1574456688
2/02/2025 18:00,163078179
2/02/2025 19:00,1661470267
2/02/2025 20:00,1772453978
2/02/2025 21:00,1848790794
2/02/2025 22:00,1801319918
2/02/2025 23:00,164102348
3/02/2025 00:00,1234299112
3/02/2025 01:00,8411667858
3/02/2025 02:00,5566477309
3/02/2025 03:00,3820679873
3/02/2025 04:00,311289607
3/02/2025 05:00,3354832203
3/02/2025 06:00,5089826105
3/02/2025 07:00,6928249299
3/02/2025 08:00,8983693065
3/02/2025 09:00,1063824299
3/02/2025 10:00,1177552866
3/02/2025 11:00,1256957294
3/02/2025 12:00,1290015734
3/02/2025 13:00,1381649053
3/02/2025 14:00,1439019332
3/02/2025 15:00,1523804336
3/02/2025 16:00,1535683789
3/02/2025 17:00,1498518836
3/02/2025 18:00,1533402418
3/02/2025 19:00,1641157097
3/02/2025 20:00,1782164619
3/02/2025 21:00,1843752627
3/02/2025 22:00,179219652
3/02/2025 23:00,1666719145
4/02/2025 00:00,1238735295
4/02/2025 01:00,8416918809
4/02/2025 02:00,5474849608
4/02/2025 03:00,3863413127
4/02/2025 04:00,3159342288
4/02/2025 05:00,3625190211
4/02/2025 06:00,544678743
4/02/2025 07:00,7585091211
4/02/2025 08:00,9597013523
4/02/2025 09:00,1129816125
4/02/2025 10:00,123454867
4/02/2025 11:00,13027478
4/02/2025 12:00,1362086302
4/02/2025 13:00,1416594027
4/02/2025 14:00,1469906899
4/02/2025 15:00,1509617646
4/02/2025 16:00,1506096676
4/02/2025 17:00,1508447401
4/02/2025 18:00,1576757146
4/02/2025 19:00,1637146613
4/02/2025 20:00,1742279539
4/02/2025 21:00,1807136544
4/02/2025 22:00,1762729811
4/02/2025 23:00,1583663367
5/02/2025 00:00,1222852785
5/02/2025 01:00,8559566342
5/02/2025 02:00,5573904688
5/02/2025 03:00,3848543887
5/02/2025 04:00,3036014837
5/02/2025 05:00,3690093038
5/02/2025 06:00,5510187855
5/02/2025 07:00,7502115125
5/02/2025 08:00,9329965417
5/02/2025 09:00,108900545
5/02/2025 10:00,1206722346
5/02/2025 11:00,1271209863
5/02/2025 12:00,1318061315
5/02/2025 13:00,1371155038
5/02/2025 14:00,147182565
5/02/2025 15:00,1527749547
5/02/2025 16:00,1524086553
5/02/2025 17:00,1485472376
5/02/2025 18:00,1533717974
5/02/2025 19:00,1682513667
5/02/2025 20:00,1764543116
5/02/2025 21:00,1807424322
5/02/2025 22:00,1726560323
5/02/2025 23:00,1564137499
6/02/2025 00:00,1243053774
6/02/2025 01:00,8593037408
6/02/2025 02:00,5737609199
6/02/2025 03:00,3937744423
6/02/2025 04:00,3139115092
6/02/2025 05:00,3780551598
6/02/2025 06:00,5720521565
6/02/2025 07:00,7736663912
6/02/2025 08:00,9977347027
6/02/2025 09:00,1147615107
6/02/2025 10:00,1303438954
6/02/2025 11:00,1349659328
6/02/2025 12:00,1350922656
6/02/2025 13:00,1408921251
6/02/2025 14:00,1547088563
6/02/2025 15:00,1596334023
6/02/2025 16:00,1575832519
6/02/2025 17:00,1550193349
6/02/2025 18:00,1594959393
6/02/2025 19:00,167183089
6/02/2025 20:00,1784845873
6/02/2025 21:00,1816039788
6/02/2025 22:00,1789236838
6/02/2025 23:00,1636948438
7/02/2025 00:00,1267010984
7/02/2025 01:00,8950098298
7/02/2025 02:00,5812564757
7/02/2025 03:00,3990264119
7/02/2025 04:00,3135743187
7/02/2025 05:00,3793934672
7/02/2025 06:00,5562980719
7/02/2025 07:00,7403831149
7/02/2025 08:00,9266104954
7/02/2025 09:00,1087778454
7/02/2025 10:00,1205645562
7/02/2025 11:00,1295108747
7/02/2025 12:00,132208013
7/02/2025 13:00,1369485027
7/02/2025 14:00,1408209012
7/02/2025 15:00,1468233035
7/02/2025 16:00,1470151898
7/02/2025 17:00,1434145167
7/02/2025 18:00,1463156024
7/02/2025 19:00,1544575101
7/02/2025 20:00,1633518121
7/02/2025 21:00,1682781259
7/02/2025 22:00,1661444264
7/02/2025 23:00,1549942418
8/02/2025 00:00,1232673828
8/02/2025 01:00,9098305848
8/02/2025 02:00,5982013427
8/02/2025 03:00,420170011
8/02/2025 04:00,3154720913
8/02/2025 05:00,3388596356
8/02/2025 06:00,505620925
8/02/2025 07:00,7134290898
8/02/2025 08:00,9094987502
8/02/2025 09:00,106734379
8/02/2025 10:00,1204743735
8/02/2025 11:00,126789374
8/02/2025 12:00,1299032651
8/02/2025 13:00,1359511905
8/02/2025 14:00,1443896798
8/02/2025 15:00,1543380747
8/02/2025 16:00,1588629144
8/02/2025 17:00,1524264406
8/02/2025 18:00,1533548948
8/02/2025 19:00,1624577318
8/02/2025 20:00,1693412159
8/02/2025 21:00,1667378911
8/02/2025 22:00,1641758758
8/02/2025 23:00,1519829683
9/02/2025 00:00,1260535897
9/02/2025 01:00,9264683972
9/02/2025 02:00,6117211391
9/02/2025 03:00,4358101825
9/02/2025 04:00,3305758502
9/02/2025 05:00,3229044007
9/02/2025 06:00,4555784015
9/02/2025 07:00,6541303837
9/02/2025 08:00,8766188306
9/02/2025 09:00,1063677181
9/02/2025 10:00,1197084859
9/02/2025 11:00,1314849284
9/02/2025 12:00,1368550199
9/02/2025 13:00,1395745511
9/02/2025 14:00,1460646766
9/02/2025 15:00,1569254338
9/02/2025 16:00,1607391132
9/02/2025 17:00,1619290239
9/02/2025 18:00,1611917468
9/02/2025 19:00,1651853157
9/02/2025 20:00,1674911922
9/02/2025 21:00,1725259129
9/02/2025 22:00,1696262219
9/02/2025 23:00,1498571966
10/02/2025 00:00,117283549
10/02/2025 01:00,8219878269
10/02/2025 02:00,5349922641
10/02/2025 03:00,3723356282
10/02/2025 04:00,2980833083
10/02/2025 05:00,3374083201
10/02/2025 06:00,4988840912
10/02/2025 07:00,6828359867
10/02/2025 08:00,883157552
10/02/2025 09:00,1052004607
10/02/2025 10:00,1166034907
10/02/2025 11:00,1249347046
10/02/2025 12:00,1280402022
10/02/2025 13:00,1346467561
10/02/2025 14:00,1398739857
10/02/2025 15:00,1471697973
10/02/2025 16:00,1477894383
10/02/2025 17:00,1473118127
10/02/2025 18:00,1532540603
10/02/2025 19:00,1610552128
10/02/2025 20:00,1710610129
10/02/2025 21:00,1747849552
10/02/2025 22:00,171977056
10/02/2025 23:00,152580793
11/02/2025 00:00,1178661953
11/02/2025 01:00,8145319907
11/02/2025 02:00,5537811676
11/02/2025 03:00,3927653771
11/02/2025 04:00,3191949948
11/02/2025 05:00,3526227083
11/02/2025 06:00,5215874951
11/02/2025 07:00,711406311
11/02/2025 08:00,9117787038
11/02/2025 09:00,1093333661
11/02/2025 10:00,1201103935
11/02/2025 11:00,1255103397
11/02/2025 12:00,1296803269
11/02/2025 13:00,1386616207
11/02/2025 14:00,1480549313
11/02/2025 15:00,1540493984
11/02/2025 16:00,1591713342
11/02/2025 17:00,1491796088
11/02/2025 18:00,1503807127
11/02/2025 19:00,1587610949
11/02/2025 20:00,1706867572
11/02/2025 21:00,1775646011
11/02/2025 22:00,1728228597
11/02/2025 23:00,1523160468
12/02/2025 00:00,1207058861
12/02/2025 01:00,8323477954
12/02/2025 02:00,5593983007
12/02/2025 03:00,3907704159
12/02/2025 04:00,3162622502
12/02/2025 05:00,3557021938
12/02/2025 06:00,5406670185
12/02/2025 07:00,74059342
12/02/2025 08:00,9287536222
12/02/2025 09:00,1088810812
12/02/2025 10:00,120845476
12/02/2025 11:00,1268531986
12/02/2025 12:00,1311111698
12/02/2025 13:00,1377915699
12/02/2025 14:00,1461528642
12/02/2025 15:00,1526086821
12/02/2025 16:00,1521136406
12/02/2025 17:00,1468278992
12/02/2025 18:00,1536892253
12/02/2025 19:00,1731675021
12/02/2025 20:00,1849531293
12/02/2025 21:00,1850135785
12/02/2025 22:00,1735847298
12/02/2025 23:00,1548671604
13/02/2025 00:00,1224063415
13/02/2025 01:00,8422353348
13/02/2025 02:00,569612538
13/02/2025 03:00,3930374316
13/02/2025 04:00,3171665703
13/02/2025 05:00,3588835225
13/02/2025 06:00,5225622413
13/02/2025 07:00,6947148258
13/02/2025 08:00,8930893684
13/02/2025 09:00,1060959405
13/02/2025 10:00,1139302181
13/02/2025 11:00,1215925746
13/02/2025 12:00,1233012435
13/02/2025 13:00,1300711595
13/02/2025 14:00,1360596393
13/02/2025 15:00,1407111604
13/02/2025 16:00,1410616733
13/02/2025 17:00,1388089886
13/02/2025 18:00,1426357882
13/02/2025 19:00,1531034232
13/02/2025 20:00,1840759341
13/02/2025 21:00,1887793425
13/02/2025 22:00,1734179237
13/02/2025 23:00,1497436092
14/02/2025 00:00,119807995
14/02/2025 01:00,8374925026
14/02/2025 02:00,5793623137
14/02/2025 03:00,3979254267
14/02/2025 04:00,3151668844
14/02/2025 05:00,3685438073
14/02/2025 06:00,5317807628
14/02/2025 07:00,7226274468
14/02/2025 08:00,9196258312
14/02/2025 09:00,1088900256
14/02/2025 10:00,115074922
14/02/2025 11:00,1241087081
14/02/2025 12:00,123747311
14/02/2025 13:00,1255822509
14/02/2025 14:00,1300423457
14/02/2025 15:00,1335730119
14/02/2025 16:00,1346098782
14/02/2025 17:00,1368392259
14/02/2025 18:00,1390172448
14/02/2025 19:00,1413714508
14/02/2025 20:00,1420518061
14/02/2025 21:00,1457863349
14/02/2025 22:00,1477988311
14/02/2025 23:00,1371613055
15/02/2025 00:00,1152487304
15/02/2025 01:00,8410559477
15/02/2025 02:00,5789137046
15/02/2025 03:00,4131820574
15/02/2025 04:00,3253356893
15/02/2025 05:00,3220385653
15/02/2025 06:00,4580917635
15/02/2025 07:00,6530864794
15/02/2025 08:00,8556012084
15/02/2025 09:00,1045541581
15/02/2025 10:00,1195764759
15/02/2025 11:00,1294368042
15/02/2025 12:00,1293941654
15/02/2025 13:00,1293644106
15/02/2025 14:00,1351378828
15/02/2025 15:00,1466205622
15/02/2025 16:00,1485687863
15/02/2025 17:00,148460654
15/02/2025 18:00,1457709073
15/02/2025 19:00,1468268453
15/02/2025 20:00,1528251511
15/02/2025 21:00,160077645
15/02/2025 22:00,1577636075
15/02/2025 23:00,1440420467
16/02/2025 00:00,1167603605
16/02/2025 01:00,8675328825
16/02/2025 02:00,6022247098
16/02/2025 03:00,4209507991
16/02/2025 04:00,3277898621
16/02/2025 05:00,3100539597
16/02/2025 06:00,436433744
16/02/2025 07:00,6260002138
16/02/2025 08:00,8195098218
16/02/2025 09:00,1029702827
16/02/2025 10:00,1175686238
16/02/2025 11:00,1327599598
16/02/2025 12:00,1374995671
16/02/2025 13:00,1391775969
16/02/2025 14:00,1376199098
16/02/2025 15:00,1455591661
16/02/2025 16:00,1510341064
16/02/2025 17:00,1523661707
16/02/2025 18:00,1527929379
16/02/2025 19:00,1589036147
16/02/2025 20:00,1663796543
16/02/2025 21:00,1705840534
16/02/2025 22:00,1689922404
16/02/2025 23:00,150163811
17/02/2025 00:00,1178745124
17/02/2025 01:00,7991615119
17/02/2025 02:00,5271880174
17/02/2025 03:00,366367126
17/02/2025 04:00,2845536721
17/02/2025 05:00,3097454646
17/02/2025 06:00,4694361214
17/02/2025 07:00,653379165
17/02/2025 08:00,878840308
17/02/2025 09:00,1049291652
17/02/2025 10:00,1144173558
17/02/2025 11:00,1205996427
17/02/2025 12:00,1279586312
17/02/2025 13:00,1354160711
17/02/2025 14:00,1374455184
17/02/2025 15:00,1431504521
17/02/2025 16:00,1464344773
17/02/2025 17:00,142783415
17/02/2025 18:00,1435973581
17/02/2025 19:00,1524977201
17/02/2025 20:00,1635850364
17/02/2025 21:00,173237063
17/02/2025 22:00,1708407109
17/02/2025 23:00,1513880522
18/02/2025 00:00,1179587875
18/02/2025 01:00,80925554
18/02/2025 02:00,5222868799
18/02/2025 03:00,3694170027
18/02/2025 04:00,2888695572
18/02/2025 05:00,3227876386
18/02/2025 06:00,4827572562
18/02/2025 07:00,6723927626
18/02/2025 08:00,8889066192
18/02/2025 09:00,106973022
18/02/2025 10:00,116704554
18/02/2025 11:00,1255108514
18/02/2025 12:00,1299939778
18/02/2025 13:00,135632161
18/02/2025 14:00,139117739
18/02/2025 15:00,1441784454
18/02/2025 16:00,1435282462
18/02/2025 17:00,1334800937
18/02/2025 18:00,1406530002
18/02/2025 19:00,1692832509
18/02/2025 20:00,186923607
18/02/2025 21:00,1898164216
18/02/2025 22:00,176678747
18/02/2025 23:00,1540490724
19/02/2025 00:00,1158241665
19/02/2025 01:00,8251473418
19/02/2025 02:00,5652597967
19/02/2025 03:00,4068466497
19/02/2025 04:00,3254451088
19/02/2025 05:00,3609544514
19/02/2025 06:00,5237085517
19/02/2025 07:00,7307282528
19/02/2025 08:00,9063128842
19/02/2025 09:00,10677964
19/02/2025 10:00,1178101708
19/02/2025 11:00,1249474119
19/02/2025 12:00,1283619326
19/02/2025 13:00,131903783
19/02/2025 14:00,146206719
19/02/2025 15:00,1633279961
19/02/2025 16:00,1581590467
19/02/2025 17:00,1461890922
19/02/2025 18:00,1487402304
19/02/2025 19:00,1590186281
19/02/2025 20:00,1670588082
19/02/2025 21:00,1701301666
19/02/2025 22:00,1689139896
19/02/2025 23:00,1524586019
20/02/2025 00:00,1196135458
20/02/2025 01:00,8398668109
20/02/2025 02:00,5505057643
20/02/2025 03:00,394479372
20/02/2025 04:00,3164647064
20/02/2025 05:00,3701096294
20/02/2025 06:00,5495935217
20/02/2025 07:00,7321732739
20/02/2025 08:00,9220246726
20/02/2025 09:00,1119506608
20/02/2025 10:00,1216800268
20/02/2025 11:00,1288769458
20/02/2025 12:00,133623118
20/02/2025 13:00,140006238
20/02/2025 14:00,1444085444
20/02/2025 15:00,1473486547
20/02/2025 16:00,1480776008
20/02/2025 17:00,1498010033
20/02/2025 18:00,1517046903
20/02/2025 19:00,1652616388
20/02/2025 20:00,1740873296
20/02/2025 21:00,1817374821
20/02/2025 22:00,1769324735
20/02/2025 23:00,1580361474
21/02/2025 00:00,1206908491
21/02/2025 01:00,8559265906
21/02/2025 02:00,8264930364
21/02/2025 03:00,5494005707
21/02/2025 04:00,3761035819
21/02/2025 05:00,4426127087
21/02/2025 06:00,6704214917
21/02/2025 07:00,1016434415
21/02/2025 08:00,1306052841
21/02/2025 09:00,1493101126
21/02/2025 10:00,1607416221
21/02/2025 11:00,1677072368
21/02/2025 12:00,1672261768
21/02/2025 13:00,1636214485
21/02/2025 14:00,1693014209
21/02/2025 15:00,1726738617
21/02/2025 16:00,1677394524
21/02/2025 17:00,1634278047
21/02/2025 18:00,1661147905
21/02/2025 19:00,1785913583
21/02/2025 20:00,1900298961
21/02/2025 21:00,1962553004
21/02/2025 22:00,1880001274
21/02/2025 23:00,1655622779
22/02/2025 00:00,1307838327
22/02/2025 01:00,9521734268
22/02/2025 02:00,6339744055
22/02/2025 03:00,4324591556
22/02/2025 04:00,3314414045
22/02/2025 05:00,3585045344
22/02/2025 06:00,5280131848
22/02/2025 07:00,7416414674
22/02/2025 08:00,9438335741
22/02/2025 09:00,1134038426
22/02/2025 10:00,1289349394
22/02/2025 11:00,1369352551
22/02/2025 12:00,1409032708
22/02/2025 13:00,1464448556
22/02/2025 14:00,1517730752
22/02/2025 15:00,1589469662
22/02/2025 16:00,1635653472
22/02/2025 17:00,1614995795
22/02/2025 18:00,1616190691
22/02/2025 19:00,1648894199
22/02/2025 20:00,1699357404
22/02/2025 21:00,1730119135
22/02/2025 22:00,1702589861
22/02/2025 23:00,1573166911
23/02/2025 00:00,1259786574
23/02/2025 01:00,9349170926
23/02/2025 02:00,6484771474
23/02/2025 03:00,4482867037
23/02/2025 04:00,3407045099
23/02/2025 05:00,3244470502
23/02/2025 06:00,4507647336
23/02/2025 07:00,6458098029
23/02/2025 08:00,8802315432
23/02/2025 09:00,1076391031
23/02/2025 10:00,1264304862
23/02/2025 11:00,1376301377
23/02/2025 12:00,1426857365
23/02/2025 13:00,1437778697
23/02/2025 14:00,1473991925
23/02/2025 15:00,1520346042
23/02/2025 16:00,1546606216
23/02/2025 17:00,159952861
23/02/2025 18:00,1612676308
23/02/2025 19:00,1653212366
23/02/2025 20:00,1721242629
23/02/2025 21:00,1765490371
23/02/2025 22:00,1733934673
23/02/2025 23:00,1565821484
24/02/2025 00:00,12215
24/02/2025 01:00,8229
24/02/2025 02:00,5556
24/02/2025 03:00,3848
24/02/2025 04:00,3099
24/02/2025 05:00,3417
24/02/2025 06:00,5153
24/02/2025 07:00,7074
24/02/2025 08:00,9184
24/02/2025 09:00,11001
24/02/2025 10:00,11977
24/02/2025 11:00,12761
24/02/2025 12:00,13504
24/02/2025 13:00,13786
24/02/2025 14:00,13994
24/02/2025 15:00,1458
24/02/2025 16:00,14524
24/02/2025 17:00,1447
24/02/2025 18:00,15201
24/02/2025 19:00,15816
24/02/2025 20:00,1682
24/02/2025 21:00,17417
24/02/2025 22:00,17492
24/02/2025 23:00,16074
25/02/2025 00:00,12898
25/02/2025 01:00,8758
25/02/2025 02:00,5787
25/02/2025 03:00,3905
25/02/2025 04:00,3095
25/02/2025 05:00,3326
25/02/2025 06:00,4985
25/02/2025 07:00,6872
25/02/2025 08:00,8851
25/02/2025 09:00,10762
25/02/2025 10:00,11899
25/02/2025 11:00,12717
25/02/2025 12:00,12886
25/02/2025 13:00,13487
25/02/2025 14:00,14104
25/02/2025 15:00,15258
25/02/2025 16:00,15185
25/02/2025 17:00,1498
25/02/2025 18:00,15043
25/02/2025 19:00,1779
25/02/2025 20:00,19361
25/02/2025 21:00,19888
25/02/2025 22:00,18875
25/02/2025 23:00,16829
26/02/2025 00:00,1309
26/02/2025 01:00,9107
26/02/2025 02:00,6025
26/02/2025 03:00,4252
26/02/2025 04:00,3191
26/02/2025 05:00,3483
26/02/2025 06:00,5218
26/02/2025 07:00,6939
26/02/2025 08:00,880
26/02/2025 09:00,10539
26/02/2025 10:00,11629
26/02/2025 11:00,12442
26/02/2025 12:00,12678
26/02/2025 13:00,12925
26/02/2025 14:00,13784
26/02/2025 15:00,14617
26/02/2025 16:00,14808
26/02/2025 17:00,14446
26/02/2025 18:00,14556
26/02/2025 19:00,15462
26/02/2025 20:00,16511
26/02/2025 21:00,17111
26/02/2025 22:00,17087
26/02/2025 23:00,15862
27/02/2025 00:00,12781
27/02/2025 01:00,8721
27/02/2025 02:00,5969
27/02/2025 03:00,4014
27/02/2025 04:00,302
27/02/2025 05:00,3354
27/02/2025 06:00,4847
27/02/2025 07:00,660
27/02/2025 08:00,8633
27/02/2025 09:00,10468
27/02/2025 10:00,11812
27/02/2025 11:00,1242
27/02/2025 12:00,12674
27/02/2025 13:00,12989
27/02/2025 14:00,13622
27/02/2025 15:00,14093
27/02/2025 16:00,14295
27/02/2025 17:00,14203
27/02/2025 18:00,14236
27/02/2025 19:00,15557
27/02/2025 20:00,16642
27/02/2025 21:00,17198
27/02/2025 22:00,16756
27/02/2025 23:00,15729
28/02/2025 00:00,12522
28/02/2025 01:00,914
28/02/2025 02:00,6055
28/02/2025 03:00,4109
28/02/2025 04:00,3247
28/02/2025 05:00,3344
28/02/2025 06:00,482
28/02/2025 07:00,6666
28/02/2025 08:00,8537
28/02/2025 09:00,10371
28/02/2025 10:00,1157
28/02/2025 11:00,12316
28/02/2025 12:00,1254
28/02/2025 13:00,12636
28/02/2025 14:00,13053
28/02/2025 15:00,13885
28/02/2025 16:00,13834
28/02/2025 17:00,1353
28/02/2025 18:00,14008
28/02/2025 19:00,14817
28/02/2025 20:00,15298
28/02/2025 21:00,16036
28/02/2025 22:00,16113
28/02/2025 23:00,14973
1/03/2025 00:00,12455
1/03/2025 01:00,9093
1/03/2025 02:00,6127
1/03/2025 03:00,4217
1/03/2025 04:00,3251
1/03/2025 05:00,3208
1/03/2025 06:00,4395
1/03/2025 07:00,6388
1/03/2025 08:00,8293
1/03/2025 09:00,9949
1/03/2025 10:00,11262
1/03/2025 11:00,11944
1/03/2025 12:00,12539
1/03/2025 13:00,12841
1/03/2025 14:00,13198
1/03/2025 15:00,1348
1/03/2025 16:00,14013
1/03/2025 17:00,13793
1/03/2025 18:00,14135
1/03/2025 19:00,14587
1/03/2025 20:00,16775
1/03/2025 21:00,17421
1/03/2025 22:00,16421
1/03/2025 23:00,14692
2/03/2025 00:00,12394
2/03/2025 01:00,9179
2/03/2025 02:00,6335
2/03/2025 03:00,4478
2/03/2025 04:00,3265
2/03/2025 05:00,2931
2/03/2025 06:00,4093
2/03/2025 07:00,5875
2/03/2025 08:00,7918
2/03/2025 09:00,9794
2/03/2025 10:00,11724
2/03/2025 11:00,12646
2/03/2025 12:00,12657
2/03/2025 13:00,12523
2/03/2025 14:00,12882
2/03/2025 15:00,13311
2/03/2025 16:00,13974
2/03/2025 17:00,14258
2/03/2025 18:00,14955
2/03/2025 19:00,15382
2/03/2025 20:00,16561
2/03/2025 21:00,17143
2/03/2025 22:00,17049
2/03/2025 23:00,15117
3/03/2025 00:00,11946
3/03/2025 01:00,8291
3/03/2025 02:00,5486
3/03/2025 03:00,3842
3/03/2025 04:00,3009
3/03/2025 05:00,3141
3/03/2025 06:00,4636
3/03/2025 07:00,6268
3/03/2025 08:00,8198
3/03/2025 09:00,986
3/03/2025 10:00,11122
3/03/2025 11:00,12016
3/03/2025 12:00,1215
3/03/2025 13:00,12282
3/03/2025 14:00,12926
3/03/2025 15:00,13536
3/03/2025 16:00,13783
3/03/2025 17:00,13572
3/03/2025 18:00,13979
3/03/2025 19:00,14567
3/03/2025 20:00,15514
3/03/2025 21:00,16224
3/03/2025 22:00,16228
3/03/2025 23:00,14984
4/03/2025 00:00,11282
4/03/2025 01:00,7921
4/03/2025 02:00,5187
4/03/2025 03:00,3395
4/03/2025 04:00,285
4/03/2025 05:00,3208
4/03/2025 06:00,4707
4/03/2025 07:00,6473
4/03/2025 08:00,8335
4/03/2025 09:00,9949
4/03/2025 10:00,11441
4/03/2025 11:00,1210
4/03/2025 12:00,12603
4/03/2025 13:00,13003
4/03/2025 14:00,13778
4/03/2025 15:00,15622
4/03/2025 16:00,16017
4/03/2025 17:00,15734
4/03/2025 18:00,16008
4/03/2025 19:00,15502
4/03/2025 20:00,16153
4/03/2025 21:00,1680
4/03/2025 22:00,17042
4/03/2025 23:00,15119
5/03/2025 00:00,11783
5/03/2025 01:00,8221
5/03/2025 02:00,5686
5/03/2025 03:00,4006
5/03/2025 04:00,3095
5/03/2025 05:00,3454
5/03/2025 06:00,5224
5/03/2025 07:00,6692
5/03/2025 08:00,8475
5/03/2025 09:00,10323
5/03/2025 10:00,11149
5/03/2025 11:00,11821
5/03/2025 12:00,12058
5/03/2025 13:00,12503
5/03/2025 14:00,13642
5/03/2025 15:00,15382
5/03/2025 16:00,15297
5/03/2025 17:00,14905
5/03/2025 18:00,15153
5/03/2025 19:00,15251
5/03/2025 20:00,16921
5/03/2025 21:00,17124
5/03/2025 22:00,16389
5/03/2025 23:00,14758
6/03/2025 00:00,11597
6/03/2025 01:00,8007
6/03/2025 02:00,5337
6/03/2025 03:00,3764
6/03/2025 04:00,3044
6/03/2025 05:00,3494
6/03/2025 06:00,5127
6/03/2025 07:00,6614
6/03/2025 08:00,8384
6/03/2025 09:00,10079
6/03/2025 10:00,1119
6/03/2025 11:00,11607
6/03/2025 12:00,12079
6/03/2025 13:00,12919
6/03/2025 14:00,13174
6/03/2025 15:00,13976
6/03/2025 16:00,1410
6/03/2025 17:00,14282
6/03/2025 18:00,14557
6/03/2025 19:00,15224
6/03/2025 20:00,16148
6/03/2025 21:00,16822
6/03/2025 22:00,16724
6/03/2025 23:00,14816
7/03/2025 00:00,11682
7/03/2025 01:00,8431
7/03/2025 02:00,566
7/03/2025 03:00,3908
7/03/2025 04:00,3024
7/03/2025 05:00,3476
7/03/2025 06:00,5202
7/03/2025 07:00,6824
7/03/2025 08:00,8554
7/03/2025 09:00,9922
7/03/2025 10:00,10884
7/03/2025 11:00,11572
7/03/2025 12:00,11866
7/03/2025 13:00,12352
7/03/2025 14:00,13165
7/03/2025 15:00,13773
7/03/2025 16:00,13768
7/03/2025 17:00,13892
7/03/2025 18:00,14121
7/03/2025 19:00,15109
7/03/2025 20:00,16935
7/03/2025 21:00,17634
7/03/2025 22:00,17694
7/03/2025 23:00,15333
8/03/2025 00:00,12178
8/03/2025 01:00,8731
8/03/2025 02:00,5935
8/03/2025 03:00,407
8/03/2025 04:00,3155
8/03/2025 05:00,3293
8/03/2025 06:00,4761
8/03/2025 07:00,6977
8/03/2025 08:00,910
8/03/2025 09:00,10451
8/03/2025 10:00,11817
8/03/2025 11:00,12428
8/03/2025 12:00,12452
8/03/2025 13:00,12667
8/03/2025 14:00,12984
8/03/2025 15:00,13716
8/03/2025 16:00,14008
8/03/2025 17:00,14002
8/03/2025 18:00,14693
8/03/2025 19:00,15494
8/03/2025 20:00,1516
8/03/2025 21:00,15664
8/03/2025 22:00,15871
8/03/2025 23:00,14776
9/03/2025 00:00,12563
9/03/2025 01:00,948
9/03/2025 02:00,6195
9/03/2025 03:00,4303
9/03/2025 04:00,3276
9/03/2025 05:00,3076
9/03/2025 06:00,4214
9/03/2025 07:00,6199
9/03/2025 08:00,842
9/03/2025 09:00,10336
9/03/2025 10:00,12178
9/03/2025 11:00,13046
9/03/2025 12:00,13285
9/03/2025 13:00,13194
9/03/2025 14:00,13329
9/03/2025 15:00,14142
9/03/2025 16:00,14451
9/03/2025 17:00,14559
9/03/2025 18:00,14848
9/03/2025 19:00,15246
9/03/2025 20:00,15772
9/03/2025 21:00,16331
9/03/2025 22:00,15753
9/03/2025 23:00,14147
10/03/2025 00:00,11012
10/03/2025 01:00,7694
10/03/2025 02:00,4939
10/03/2025 03:00,3511
10/03/2025 04:00,273
10/03/2025 05:00,3162
10/03/2025 06:00,491
10/03/2025 07:00,6364
10/03/2025 08:00,818
10/03/2025 09:00,9389
10/03/2025 10:00,10288
10/03/2025 11:00,11013
10/03/2025 12:00,11481
10/03/2025 13:00,1186
10/03/2025 14:00,12672
10/03/2025 15:00,13622
10/03/2025 16:00,13834
10/03/2025 17:00,13619
10/03/2025 18:00,14151
10/03/2025 19:00,14987
10/03/2025 20:00,15912
10/03/2025 21:00,16361
10/03/2025 22:00,16199
10/03/2025 23:00,14409
11/03/2025 00:00,11239
11/03/2025 01:00,7518
11/03/2025 02:00,4897
11/03/2025 03:00,4044
11/03/2025 04:00,3657
11/03/2025 05:00,3682
11/03/2025 06:00,5582
11/03/2025 07:00,7329
11/03/2025 08:00,9262
11/03/2025 09:00,10778
11/03/2025 10:00,12094
11/03/2025 11:00,12567
11/03/2025 12:00,13288
11/03/2025 13:00,14037
11/03/2025 14:00,14654
11/03/2025 15:00,16051
11/03/2025 16:00,16609
11/03/2025 17:00,18506
11/03/2025 18:00,17892
11/03/2025 19:00,18325
11/03/2025 20:00,17541
11/03/2025 21:00,1758
11/03/2025 22:00,17147
11/03/2025 23:00,1508
12/03/2025 00:00,11276
12/03/2025 01:00,7851
12/03/2025 02:00,5432
12/03/2025 03:00,4081
12/03/2025 04:00,3446
12/03/2025 05:00,3875
12/03/2025 06:00,5856
12/03/2025 07:00,7115
12/03/2025 08:00,8918
12/03/2025 09:00,10478
12/03/2025 10:00,11132
12/03/2025 11:00,11597
12/03/2025 12:00,12173
12/03/2025 13:00,12804
12/03/2025 14:00,13526
12/03/2025 15:00,15693
12/03/2025 16:00,16514
12/03/2025 17:00,16613
12/03/2025 18:00,15445
12/03/2025 19:00,15632
12/03/2025 20:00,16716
12/03/2025 21:00,16963
12/03/2025 22:00,16559
12/03/2025 23:00,1477
13/03/2025 00:00,11009
13/03/2025 01:00,7753
13/03/2025 02:00,5105
13/03/2025 03:00,3697
13/03/2025 04:00,2981
13/03/2025 05:00,3472
13/03/2025 06:00,5319
13/03/2025 07:00,674
13/03/2025 08:00,847
13/03/2025 09:00,985
13/03/2025 10:00,10613
13/03/2025 11:00,11294
13/03/2025 12:00,11734
13/03/2025 13:00,12326
13/03/2025 14:00,13275
13/03/2025 15:00,14208
13/03/2025 16:00,14409
13/03/2025 17:00,14171
13/03/2025 18:00,14554
13/03/2025 19:00,16006
13/03/2025 20:00,16748
13/03/2025 21:00,1705
13/03/2025 22:00,1658
13/03/2025 23:00,14858
14/03/2025 00:00,11174
14/03/2025 01:00,7835
14/03/2025 02:00,5373
14/03/2025 03:00,3605
14/03/2025 04:00,2843
14/03/2025 05:00,3342
14/03/2025 06:00,5194
14/03/2025 07:00,6701
14/03/2025 08:00,8364
14/03/2025 09:00,9958
14/03/2025 10:00,10693
14/03/2025 11:00,11448
14/03/2025 12:00,11709
14/03/2025 13:00,12355
14/03/2025 14:00,13226
14/03/2025 15:00,13932
14/03/2025 16:00,14366
14/03/2025 17:00,14178
14/03/2025 18:00,14309
14/03/2025 19:00,15227
14/03/2025 20:00,16297
14/03/2025 21:00,16796
14/03/2025 22:00,16639
14/03/2025 23:00,15006
15/03/2025 00:00,1206
15/03/2025 01:00,8638
15/03/2025 02:00,5805
15/03/2025 03:00,4011
15/03/2025 04:00,2948
15/03/2025 05:00,3173
15/03/2025 06:00,4802
15/03/2025 07:00,700
15/03/2025 08:00,915
15/03/2025 09:00,10809
15/03/2025 10:00,12067
15/03/2025 11:00,12599
15/03/2025 12:00,13041
15/03/2025 13:00,13447
15/03/2025 14:00,13844
15/03/2025 15:00,14395
15/03/2025 16:00,14616
15/03/2025 17:00,14307
15/03/2025 18:00,14259
15/03/2025 19:00,14632
15/03/2025 20:00,15572
15/03/2025 21:00,16079
15/03/2025 22:00,15982
15/03/2025 23:00,15177
16/03/2025 00:00,12523
16/03/2025 01:00,9234
16/03/2025 02:00,6166
16/03/2025 03:00,4294
16/03/2025 04:00,3192
16/03/2025 05:00,3024
16/03/2025 06:00,4443
16/03/2025 07:00,6639
16/03/2025 08:00,8994
16/03/2025 09:00,11003
16/03/2025 10:00,12258
16/03/2025 11:00,1293
16/03/2025 12:00,13339
16/03/2025 13:00,1363
16/03/2025 14:00,13711
16/03/2025 15:00,14866
16/03/2025 16:00,15383
16/03/2025 17:00,15242
16/03/2025 18:00,15018
16/03/2025 19:00,15349
16/03/2025 20:00,15433
16/03/2025 21:00,15773
16/03/2025 22:00,15322
16/03/2025 23:00,13376
17/03/2025 00:00,10288
17/03/2025 01:00,6946
17/03/2025 02:00,4611
17/03/2025 03:00,3194
17/03/2025 04:00,2613
17/03/2025 05:00,3354
17/03/2025 06:00,5045
17/03/2025 07:00,6014
17/03/2025 08:00,725
17/03/2025 09:00,8125
17/03/2025 10:00,9117
17/03/2025 11:00,9483
17/03/2025 12:00,9774
17/03/2025 13:00,10792
17/03/2025 14:00,11929
17/03/2025 15:00,12739
17/03/2025 16:00,13175
17/03/2025 17:00,13158
17/03/2025 18:00,14214
17/03/2025 19:00,14906
17/03/2025 20:00,15462
17/03/2025 21:00,15883
17/03/2025 22:00,15093
17/03/2025 23:00,13505
18/03/2025 00:00,1003
18/03/2025 01:00,6681
18/03/2025 02:00,4449
18/03/2025 03:00,3175
18/03/2025 04:00,2545
18/03/2025 05:00,3501
18/03/2025 06:00,5483
18/03/2025 07:00,6304
18/03/2025 08:00,7651
18/03/2025 09:00,8598
18/03/2025 10:00,9382
18/03/2025 11:00,10015
18/03/2025 12:00,9937
18/03/2025 13:00,11164
18/03/2025 14:00,12196
18/03/2025 15:00,13186
18/03/2025 16:00,1358
18/03/2025 17:00,13664
18/03/2025 18:00,14199
18/03/2025 19:00,15026
18/03/2025 20:00,15966
18/03/2025 21:00,16352
18/03/2025 22:00,1568
18/03/2025 23:00,1343
19/03/2025 00:00,10333
19/03/2025 01:00,7107
19/03/2025 02:00,4706
19/03/2025 03:00,3257
19/03/2025 04:00,2726
19/03/2025 05:00,3476
19/03/2025 06:00,5448
19/03/2025 07:00,635
19/03/2025 08:00,7762
19/03/2025 09:00,8808
19/03/2025 10:00,9315
19/03/2025 11:00,9754
19/03/2025 12:00,9968
19/03/2025 13:00,10947
19/03/2025 14:00,11948
19/03/2025 15:00,1260
19/03/2025 16:00,13002
19/03/2025 17:00,13011
19/03/2025 18:00,13624
19/03/2025 19:00,14647
19/03/2025 20:00,15521
19/03/2025 21:00,15816
19/03/2025 22:00,1536
19/03/2025 23:00,13108
20/03/2025 00:00,9974
20/03/2025 01:00,704
20/03/2025 02:00,4748
20/03/2025 03:00,3402
20/03/2025 04:00,2759
20/03/2025 05:00,3605
20/03/2025 06:00,5669
20/03/2025 07:00,6519
20/03/2025 08:00,757
20/03/2025 09:00,8596
20/03/2025 10:00,9389
20/03/2025 11:00,9961
20/03/2025 12:00,10191
20/03/2025 13:00,11011
20/03/2025 14:00,12786
20/03/2025 15:00,13866
20/03/2025 16:00,14327
20/03/2025 17:00,13479
20/03/2025 18:00,14184
20/03/2025 19:00,15678
20/03/2025 20:00,1630
20/03/2025 21:00,15834
20/03/2025 22:00,15003
20/03/2025 23:00,13812
21/03/2025 00:00,10345
21/03/2025 01:00,7235
21/03/2025 02:00,4832
21/03/2025 03:00,3309
21/03/2025 04:00,265
21/03/2025 05:00,3515
21/03/2025 06:00,547
21/03/2025 07:00,6459
21/03/2025 08:00,7655
21/03/2025 09:00,8785
21/03/2025 10:00,9506
21/03/2025 11:00,10084
21/03/2025 12:00,9991
21/03/2025 13:00,10914
21/03/2025 14:00,12154
21/03/2025 15:00,13103
21/03/2025 16:00,13353
21/03/2025 17:00,13138
21/03/2025 18:00,13785
21/03/2025 19:00,15085
21/03/2025 20:00,15542
21/03/2025 21:00,15934
21/03/2025 22:00,15864
21/03/2025 23:00,14103
22/03/2025 00:00,11191
22/03/2025 01:00,781
22/03/2025 02:00,5443
22/03/2025 03:00,3628
22/03/2025 04:00,2759
22/03/2025 05:00,3226
22/03/2025 06:00,5038
22/03/2025 07:00,7493
22/03/2025 08:00,9276
22/03/2025 09:00,10901
22/03/2025 10:00,1169
22/03/2025 11:00,12222
22/03/2025 12:00,12408
22/03/2025 13:00,12548
22/03/2025 14:00,13069
22/03/2025 15:00,1389
22/03/2025 16:00,14017
22/03/2025 17:00,13979
22/03/2025 18:00,13818
22/03/2025 19:00,14226
22/03/2025 20:00,14943
22/03/2025 21:00,15493
22/03/2025 22:00,15591
22/03/2025 23:00,14124
23/03/2025 00:00,1169
23/03/2025 01:00,8404
23/03/2025 02:00,5727
23/03/2025 03:00,4192
23/03/2025 04:00,3029
23/03/2025 05:00,3077
23/03/2025 06:00,4642
23/03/2025 07:00,6743
23/03/2025 08:00,8768
23/03/2025 09:00,1052
23/03/2025 10:00,11698
23/03/2025 11:00,12553
23/03/2025 12:00,13105
23/03/2025 13:00,13216
23/03/2025 14:00,1430
23/03/2025 15:00,15205
23/03/2025 16:00,15511
23/03/2025 17:00,15902
23/03/2025 18:00,14525
23/03/2025 19:00,15084
23/03/2025 20:00,15493
23/03/2025 21:00,15698
23/03/2025 22:00,15252
23/03/2025 23:00,12942
24/03/2025 00:00,10025
24/03/2025 01:00,6858
24/03/2025 02:00,4531
24/03/2025 03:00,3171
24/03/2025 04:00,2535
24/03/2025 05:00,3345
24/03/2025 06:00,5247
24/03/2025 07:00,6179
24/03/2025 08:00,7359
24/03/2025 09:00,8313
24/03/2025 10:00,8863
24/03/2025 11:00,9333
24/03/2025 12:00,9491
24/03/2025 13:00,10424
24/03/2025 14:00,11695
24/03/2025 15:00,12786
24/03/2025 16:00,13054
24/03/2025 17:00,13016
24/03/2025 18:00,13363
24/03/2025 19:00,14413
24/03/2025 20:00,15406
24/03/2025 21:00,15871
24/03/2025 22:00,15538
24/03/2025 23:00,13356
25/03/2025 00:00,9859
25/03/2025 01:00,6787
25/03/2025 02:00,4493
25/03/2025 03:00,3171
25/03/2025 04:00,3078
25/03/2025 05:00,3764
25/03/2025 06:00,5933
25/03/2025 07:00,7036
25/03/2025 08:00,8106
25/03/2025 09:00,9169
25/03/2025 10:00,9823
25/03/2025 11:00,1001
25/03/2025 12:00,10153
25/03/2025 13:00,11284
25/03/2025 14:00,12203
25/03/2025 15:00,13821
25/03/2025 16:00,14441
25/03/2025 17:00,14214
25/03/2025 18:00,14743
25/03/2025 19:00,1562
25/03/2025 20:00,15817
25/03/2025 21:00,16365
25/03/2025 22:00,15854
25/03/2025 23:00,13387
26/03/2025 00:00,991
26/03/2025 01:00,6993
26/03/2025 02:00,464
26/03/2025 03:00,3309
26/03/2025 04:00,291
26/03/2025 05:00,3789
26/03/2025 06:00,5932
26/03/2025 07:00,6651
26/03/2025 08:00,7945
26/03/2025 09:00,9092
26/03/2025 10:00,9553
26/03/2025 11:00,10079
26/03/2025 12:00,10097
26/03/2025 13:00,11187
26/03/2025 14:00,12169
26/03/2025 15:00,12859
26/03/2025 16:00,13492
26/03/2025 17:00,13333
26/03/2025 18:00,13842
26/03/2025 19:00,1488
26/03/2025 20:00,15937
26/03/2025 21:00,16476
26/03/2025 22:00,15997
26/03/2025 23:00,13948
27/03/2025 00:00,10532
27/03/2025 01:00,7034
27/03/2025 02:00,4635
27/03/2025 03:00,3212
27/03/2025 04:00,2704
27/03/2025 05:00,3702
27/03/2025 06:00,5734
27/03/2025 07:00,6489
27/03/2025 08:00,778
27/03/2025 09:00,8739
27/03/2025 10:00,9392
27/03/2025 11:00,9882
27/03/2025 12:00,10049
27/03/2025 13:00,1098
27/03/2025 14:00,1232
27/03/2025 15:00,13444
27/03/2025 16:00,13986
27/03/2025 17:00,13632
27/03/2025 18:00,13742
27/03/2025 19:00,15152
27/03/2025 20:00,15993
27/03/2025 21:00,16099
27/03/2025 22:00,15816
27/03/2025 23:00,13746
28/03/2025 00:00,10428
28/03/2025 01:00,6981
28/03/2025 02:00,4783
28/03/2025 03:00,3334
28/03/2025 04:00,2717
28/03/2025 05:00,3675
28/03/2025 06:00,5625
28/03/2025 07:00,642
28/03/2025 08:00,7746
28/03/2025 09:00,873
28/03/2025 10:00,9344
28/03/2025 11:00,9918
28/03/2025 12:00,10009
28/03/2025 13:00,10842
28/03/2025 14:00,12323
28/03/2025 15:00,13012
28/03/2025 16:00,13317
28/03/2025 17:00,13378
28/03/2025 18:00,13571
28/03/2025 19:00,14554
28/03/2025 20:00,15748
28/03/2025 21:00,15893
28/03/2025 22:00,15599
28/03/2025 23:00,14174
29/03/2025 00:00,10982
29/03/2025 01:00,8019
29/03/2025 02:00,5285
29/03/2025 03:00,3582
29/03/2025 04:00,2734
29/03/2025 05:00,3231
29/03/2025 06:00,5075
29/03/2025 07:00,7536
29/03/2025 08:00,9542
29/03/2025 09:00,1095
29/03/2025 10:00,12032
29/03/2025 11:00,1263
29/03/2025 12:00,1263
29/03/2025 13:00,1350
29/03/2025 14:00,1426
29/03/2025 15:00,14567
29/03/2025 16:00,14777
29/03/2025 17:00,14477
29/03/2025 18:00,14174
29/03/2025 19:00,14588
29/03/2025 20:00,15326
29/03/2025 21:00,15687
29/03/2025 22:00,16065
29/03/2025 23:00,14336
30/03/2025 00:00,11419
30/03/2025 01:00,8326
30/03/2025 02:00,5671
30/03/2025 03:00,3942
30/03/2025 04:00,304
30/03/2025 05:00,302
30/03/2025 06:00,4472
30/03/2025 07:00,6577
30/03/2025 08:00,8792
30/03/2025 09:00,10732
30/03/2025 10:00,12322
30/03/2025 11:00,12968
30/03/2025 12:00,1290
30/03/2025 13:00,12666
30/03/2025 14:00,13319
30/03/2025 15:00,13875
30/03/2025 16:00,14119
30/03/2025 17:00,14488
30/03/2025 18:00,1468
30/03/2025 19:00,15057
30/03/2025 20:00,15563
30/03/2025 21:00,15804
30/03/2025 22:00,15127
30/03/2025 23:00,13374
31/03/2025 00:00,10406
31/03/2025 01:00,7099
31/03/2025 02:00,4608
31/03/2025 03:00,3223
31/03/2025 04:00,2658
31/03/2025 05:00,3411
31/03/2025 06:00,5241
31/03/2025 07:00,6224
31/03/2025 08:00,7366
31/03/2025 09:00,8414
31/03/2025 10:00,9141
31/03/2025 11:00,9488
31/03/2025 12:00,9671
31/03/2025 13:00,10764
31/03/2025 14:00,11708
31/03/2025 15:00,12535
31/03/2025 16:00,1275
31/03/2025 17:00,12702
31/03/2025 18:00,13535
31/03/2025 19:00,14515
31/03/2025 20:00,15925
31/03/2025 21:00,16341
31/03/2025 22:00,15734
31/03/2025 23:00,1380
1/04/2025 00:00,10613
1/04/2025 01:00,6862
1/04/2025 02:00,4493
1/04/2025 03:00,3227
1/04/2025 04:00,2873
1/04/2025 05:00,3762
1/04/2025 06:00,603
1/04/2025 07:00,6848
1/04/2025 08:00,7982
1/04/2025 09:00,9006
1/04/2025 10:00,9594
1/04/2025 11:00,9933
1/04/2025 12:00,9922
1/04/2025 13:00,11253
1/04/2025 14:00,12522
1/04/2025 15:00,13926
1/04/2025 16:00,13892
1/04/2025 17:00,13631
1/04/2025 18:00,13908
1/04/2025 19:00,15465
1/04/2025 20:00,1737
1/04/2025 21:00,18565
1/04/2025 22:00,17682
1/04/2025 23:00,14149
2/04/2025 00:00,10419
2/04/2025 01:00,7209
2/04/2025 02:00,4786
2/04/2025 03:00,327
2/04/2025 04:00,2787
2/04/2025 05:00,3764
2/04/2025 06:00,5952
2/04/2025 07:00,6756
2/04/2025 08:00,7861
2/04/2025 09:00,8867
2/04/2025 10:00,9629
2/04/2025 11:00,10889
2/04/2025 12:00,10498
2/04/2025 13:00,11622
2/04/2025 14:00,12895
2/04/2025 15:00,1370
2/04/2025 16:00,13863
2/04/2025 17:00,13619
2/04/2025 18:00,14573
2/04/2025 19:00,17493
2/04/2025 20:00,18398
2/04/2025 21:00,18474
2/04/2025 22:00,16217
2/04/2025 23:00,14012
3/04/2025 00:00,10453
3/04/2025 01:00,7142
3/04/2025 02:00,4612
3/04/2025 03:00,320
3/04/2025 04:00,2833
3/04/2025 05:00,3753
3/04/2025 06:00,5878
3/04/2025 07:00,6663
3/04/2025 08:00,7908
3/04/2025 09:00,889
3/04/2025 10:00,9639
3/04/2025 11:00,9963
3/04/2025 12:00,9968
3/04/2025 13:00,11216
3/04/2025 14:00,12217
3/04/2025 15:00,13139
3/04/2025 16:00,13411
3/04/2025 17:00,14223
3/04/2025 18:00,14967
3/04/2025 19:00,15598
3/04/2025 20:00,1628
3/04/2025 21:00,16692
3/04/2025 22:00,16052
3/04/2025 23:00,13662
4/04/2025 00:00,10106
4/04/2025 01:00,7007
4/04/2025 02:00,4685
4/04/2025 03:00,3374
4/04/2025 04:00,2691
4/04/2025 05:00,3582
4/04/2025 06:00,5638
4/04/2025 07:00,6495
4/04/2025 08:00,7739
4/04/2025 09:00,8961
4/04/2025 10:00,9416
4/04/2025 11:00,9807
4/04/2025 12:00,9793
4/04/2025 13:00,10943
4/04/2025 14:00,12279
4/04/2025 15:00,12822
4/04/2025 16:00,13117
4/04/2025 17:00,13199
4/04/2025 18:00,13764
4/04/2025 19:00,14685
4/04/2025 20:00,15741
4/04/2025 21:00,16201
4/04/2025 22:00,16048
4/04/2025 23:00,14311
5/04/2025 00:00,10963
5/04/2025 01:00,7776
5/04/2025 02:00,5178
5/04/2025 03:00,3463
5/04/2025 04:00,2761
5/04/2025 05:00,329
5/04/2025 06:00,5365
5/04/2025 07:00,7876
5/04/2025 08:00,9856
5/04/2025 09:00,11869
5/04/2025 10:00,1273
5/04/2025 11:00,13068
5/04/2025 12:00,13163
5/04/2025 13:00,13104
5/04/2025 14:00,13898
5/04/2025 15:00,14641
5/04/2025 16:00,1493
5/04/2025 17:00,14411
5/04/2025 18:00,15292
5/04/2025 19:00,1665
5/04/2025 20:00,17558
5/04/2025 21:00,17189
5/04/2025 22:00,15747
5/04/2025 23:00,14264
6/04/2025 00:00,11594
6/04/2025 01:00,8537
6/04/2025 02:00,5615
6/04/2025 03:00,3811
6/04/2025 04:00,2995
6/04/2025 05:00,3021
6/04/2025 06:00,4698
6/04/2025 07:00,6866
6/04/2025 08:00,9271
6/04/2025 09:00,10986
6/04/2025 10:00,12377
6/04/2025 11:00,13371
6/04/2025 12:00,13368
6/04/2025 13:00,13113
6/04/2025 14:00,13551
6/04/2025 15:00,14464
6/04/2025 16:00,15062
6/04/2025 17:00,15062
6/04/2025 18:00,15106
6/04/2025 19:00,15625
6/04/2025 20:00,16288
6/04/2025 21:00,16286
6/04/2025 22:00,15737
6/04/2025 23:00,1348
7/04/2025 00:00,1014
7/04/2025 01:00,6831
7/04/2025 02:00,4453
7/04/2025 03:00,3196
7/04/2025 04:00,2567
7/04/2025 05:00,3325
7/04/2025 06:00,537
7/04/2025 07:00,6427
7/04/2025 08:00,7623
7/04/2025 09:00,8545
7/04/2025 10:00,9153
7/04/2025 11:00,9611
7/04/2025 12:00,9719
7/04/2025 13:00,10825
7/04/2025 14:00,11869
7/04/2025 15:00,1296
7/04/2025 16:00,13046
7/04/2025 17:00,12837
7/04/2025 18:00,13298
7/04/2025 19:00,1467
7/04/2025 20:00,15491
7/04/2025 21:00,16111
7/04/2025 22:00,15351
7/04/2025 23:00,1361
8/04/2025 00:00,987
8/04/2025 01:00,8523
8/04/2025 02:00,376
8/04/2025 03:00,437
8/04/2025 04:00,2865
8/04/2025 05:00,3784
8/04/2025 06:00,5861
8/04/2025 07:00,7179
8/04/2025 08:00,8155
8/04/2025 09:00,929
8/04/2025 10:00,9876
8/04/2025 11:00,10208
8/04/2025 12:00,10419
8/04/2025 13:00,11491
8/04/2025 14:00,13695
8/04/2025 15:00,14963
8/04/2025 16:00,14037
8/04/2025 17:00,14103
8/04/2025 18:00,14932
8/04/2025 19:00,15985
8/04/2025 20:00,17173
8/04/2025 21:00,18194
8/04/2025 22:00,1752
8/04/2025 23:00,14227
9/04/2025 00:00,10428
9/04/2025 01:00,721
9/04/2025 02:00,4615
9/04/2025 03:00,3345
9/04/2025 04:00,2815
9/04/2025 05:00,3693
9/04/2025 06:00,5854
9/04/2025 07:00,6884
9/04/2025 08:00,8116
9/04/2025 09:00,9167
9/04/2025 10:00,9615
9/04/2025 11:00,10038
9/04/2025 12:00,9845
9/04/2025 13:00,11242
9/04/2025 14:00,13269
9/04/2025 15:00,1428
9/04/2025 16:00,13558
9/04/2025 17:00,13326
9/04/2025 18:00,13957
9/04/2025 19:00,16073
9/04/2025 20:00,17198
9/04/2025 21:00,1737
9/04/2025 22:00,16004
9/04/2025 23:00,13498
10/04/2025 00:00,10165
10/04/2025 01:00,7065
10/04/2025 02:00,4704
10/04/2025 03:00,3195
10/04/2025 04:00,2667
10/04/2025 05:00,360
10/04/2025 06:00,5897
10/04/2025 07:00,8922
10/04/2025 08:00,11029
10/04/2025 09:00,12085
10/04/2025 10:00,12662
10/04/2025 11:00,13211
10/04/2025 12:00,13089
10/04/2025 13:00,13501
10/04/2025 14:00,14167
10/04/2025 15:00,14811
10/04/2025 16:00,14309
10/04/2025 17:00,14414
10/04/2025 18:00,14997
10/04/2025 19:00,17246
10/04/2025 20:00,17965
10/04/2025 21:00,18462
10/04/2025 22:00,15925
10/04/2025 23:00,13513
11/04/2025 00:00,10053
11/04/2025 01:00,7036
11/04/2025 02:00,4493
11/04/2025 03:00,311
11/04/2025 04:00,2851
11/04/2025 05:00,376
11/04/2025 06:00,5892
11/04/2025 07:00,6781
11/04/2025 08:00,8131
11/04/2025 09:00,9128
11/04/2025 10:00,9964
11/04/2025 11:00,10336
11/04/2025 12:00,10299
11/04/2025 13:00,10921
11/04/2025 14:00,12047
11/04/2025 15:00,12986
11/04/2025 16:00,13176
11/04/2025 17:00,13177
11/04/2025 18:00,13704
11/04/2025 19:00,1503
11/04/2025 20:00,15992
11/04/2025 21:00,16025
11/04/2025 22:00,15848
11/04/2025 23:00,14346
12/04/2025 00:00,10867
12/04/2025 01:00,7953
12/04/2025 02:00,5228
12/04/2025 03:00,3588
12/04/2025 04:00,286
12/04/2025 05:00,3294
12/04/2025 06:00,541
12/04/2025 07:00,7922
12/04/2025 08:00,9802
12/04/2025 09:00,11239
12/04/2025 10:00,12098
12/04/2025 11:00,12754
12/04/2025 12:00,13059
12/04/2025 13:00,13176
12/04/2025 14:00,13984
12/04/2025 15:00,14582
12/04/2025 16:00,14489
12/04/2025 17:00,14208
12/04/2025 18:00,14483
12/04/2025 19:00,14986
12/04/2025 20:00,15461
12/04/2025 21:00,15879
12/04/2025 22:00,15723
12/04/2025 23:00,14533
13/04/2025 00:00,11925
13/04/2025 01:00,8676
13/04/2025 02:00,5802
13/04/2025 03:00,3964
13/04/2025 04:00,3135
13/04/2025 05:00,3099
13/04/2025 06:00,4565
13/04/2025 07:00,6869
13/04/2025 08:00,9334
13/04/2025 09:00,11528
13/04/2025 10:00,12996
13/04/2025 11:00,13578
13/04/2025 12:00,13733
13/04/2025 13:00,13629
13/04/2025 14:00,13984
13/04/2025 15:00,14286
13/04/2025 16:00,14672
13/04/2025 17:00,15017
13/04/2025 18:00,15086
13/04/2025 19:00,15533
13/04/2025 20:00,15995
13/04/2025 21:00,16122
13/04/2025 22:00,16079
13/04/2025 23:00,13651
14/04/2025 00:00,10219
14/04/2025 01:00,6854
14/04/2025 02:00,4479
14/04/2025 03:00,3051
14/04/2025 04:00,2568
14/04/2025 05:00,3395
14/04/2025 06:00,5216
14/04/2025 07:00,6284
14/04/2025 08:00,746
14/04/2025 09:00,8485
14/04/2025 10:00,9292
14/04/2025 11:00,9441
14/04/2025 12:00,9545
14/04/2025 13:00,10745
14/04/2025 14:00,11732
14/04/2025 15:00,12526
14/04/2025 16:00,12816
14/04/2025 17:00,12552
14/04/2025 18:00,13334
14/04/2025 19:00,16064
14/04/2025 20:00,17207
14/04/2025 21:00,17428
14/04/2025 22:00,15511
14/04/2025 23:00,13181
15/04/2025 00:00,9611
15/04/2025 01:00,6509
15/04/2025 02:00,430
15/04/2025 03:00,3065
15/04/2025 04:00,2726
15/04/2025 05:00,3716
15/04/2025 06:00,5716
15/04/2025 07:00,6547
15/04/2025 08:00,7604
15/04/2025 09:00,8764
15/04/2025 10:00,925
15/04/2025 11:00,9552
15/04/2025 12:00,9649
15/04/2025 13:00,11079
15/04/2025 14:00,13007
15/04/2025 15:00,14185
15/04/2025 16:00,13297
15/04/2025 17:00,12967
15/04/2025 18:00,1354
15/04/2025 19:00,14573
15/04/2025 20:00,15506
15/04/2025 21:00,15735
15/04/2025 22:00,15248
15/04/2025 23:00,13342
16/04/2025 00:00,10001
16/04/2025 01:00,6866
16/04/2025 02:00,457
16/04/2025 03:00,3238
16/04/2025 04:00,2792
16/04/2025 05:00,3826
16/04/2025 06:00,5795
16/04/2025 07:00,6638
16/04/2025 08:00,7793
16/04/2025 09:00,8618
16/04/2025 10:00,9317
16/04/2025 11:00,9808
16/04/2025 12:00,9506
16/04/2025 13:00,11246
16/04/2025 14:00,14376
16/04/2025 15:00,15433
16/04/2025 16:00,14505
16/04/2025 17:00,13443
16/04/2025 18:00,13542
16/04/2025 19:00,14745
16/04/2025 20:00,1534
16/04/2025 21:00,16067
16/04/2025 22:00,15921
16/04/2025 23:00,14205
17/04/2025 00:00,11025
17/04/2025 01:00,8289
17/04/2025 02:00,5429
17/04/2025 03:00,3736
17/04/2025 04:00,2904
17/04/2025 05:00,3283
17/04/2025 06:00,5027
17/04/2025 07:00,7555
17/04/2025 08:00,9566
17/04/2025 09:00,11526
17/04/2025 10:00,12797
17/04/2025 11:00,1363
17/04/2025 12:00,1386
17/04/2025 13:00,13869
17/04/2025 14:00,14367
17/04/2025 15:00,14817
17/04/2025 16:00,15028
17/04/2025 17:00,14873
17/04/2025 18:00,14777
17/04/2025 19:00,1516
17/04/2025 20:00,15786
17/04/2025 21:00,16458
17/04/2025 22:00,16125
17/04/2025 23:00,14583
18/04/2025 00:00,11823
18/04/2025 01:00,8696
18/04/2025 02:00,5901
18/04/2025 03:00,407
18/04/2025 04:00,3095
18/04/2025 05:00,3191
18/04/2025 06:00,4847
18/04/2025 07:00,7082
18/04/2025 08:00,9458
18/04/2025 09:00,11112
18/04/2025 10:00,12462
18/04/2025 11:00,13276
18/04/2025 12:00,13561
18/04/2025 13:00,13354
18/04/2025 14:00,13454
18/04/2025 15:00,14593
18/04/2025 16:00,15177
18/04/2025 17:00,1573
18/04/2025 18:00,16448
18/04/2025 19:00,16617
18/04/2025 20:00,17507
18/04/2025 21:00,1807
18/04/2025 22:00,17515
18/04/2025 23:00,14579
19/04/2025 00:00,11406
19/04/2025 01:00,8369
19/04/2025 02:00,5759
19/04/2025 03:00,3861
19/04/2025 04:00,2932
19/04/2025 05:00,3023
19/04/2025 06:00,479
19/04/2025 07:00,7188
19/04/2025 08:00,9403
19/04/2025 09:00,11494
19/04/2025 10:00,1277
19/04/2025 11:00,13432
19/04/2025 12:00,13319
19/04/2025 13:00,13384
19/04/2025 14:00,13757
19/04/2025 15:00,14499
19/04/2025 16:00,14582
19/04/2025 17:00,14567
19/04/2025 18:00,14627
19/04/2025 19:00,1497
19/04/2025 20:00,15449
19/04/2025 21:00,15598
19/04/2025 22:00,1543
19/04/2025 23:00,14387
20/04/2025 00:00,12025
20/04/2025 01:00,8704
20/04/2025 02:00,5757
20/04/2025 03:00,4019
20/04/2025 04:00,3016
20/04/2025 05:00,2987
20/04/2025 06:00,4226
20/04/2025 07:00,6544
20/04/2025 08:00,8863
20/04/2025 09:00,1070
20/04/2025 10:00,12442
20/04/2025 11:00,13454
20/04/2025 12:00,13973
20/04/2025 13:00,14047
20/04/2025 14:00,14555
20/04/2025 15:00,15443
20/04/2025 16:00,15115
20/04/2025 17:00,15177
20/04/2025 18:00,15492
20/04/2025 19:00,15769
20/04/2025 20:00,16435
20/04/2025 21:00,1679
20/04/2025 22:00,15986
20/04/2025 23:00,13819
21/04/2025 00:00,10612
21/04/2025 01:00,7256
21/04/2025 02:00,4673
21/04/2025 03:00,3263
21/04/2025 04:00,2792
21/04/2025 05:00,3556
21/04/2025 06:00,5389
21/04/2025 07:00,648
21/04/2025 08:00,7757
21/04/2025 09:00,8569
21/04/2025 10:00,9141
21/04/2025 11:00,964
21/04/2025 12:00,9628
21/04/2025 13:00,10573
21/04/2025 14:00,12113
21/04/2025 15:00,12533
21/04/2025 16:00,12878
21/04/2025 17:00,12902
21/04/2025 18:00,13514
21/04/2025 19:00,14597
21/04/2025 20:00,15539
21/04/2025 21:00,16028
21/04/2025 22:00,15512
21/04/2025 23:00,13464
22/04/2025 00:00,10053
22/04/2025 01:00,6924
22/04/2025 02:00,4591
22/04/2025 03:00,3307
22/04/2025 04:00,2822
22/04/2025 05:00,370
22/04/2025 06:00,579
22/04/2025 07:00,6543
22/04/2025 08:00,7739
22/04/2025 09:00,8667
22/04/2025 10:00,9353
22/04/2025 11:00,9734
22/04/2025 12:00,9697
22/04/2025 13:00,10875
22/04/2025 14:00,12445
22/04/2025 15:00,13683
22/04/2025 16:00,1391
22/04/2025 17:00,1462
22/04/2025 18:00,1575
22/04/2025 19:00,15978
22/04/2025 20:00,17321
22/04/2025 21:00,18304
22/04/2025 22:00,18261
22/04/2025 23:00,14812
23/04/2025 00:00,10854
23/04/2025 01:00,7605
23/04/2025 02:00,4934
23/04/2025 03:00,3397
23/04/2025 04:00,2906
23/04/2025 05:00,3774
23/04/2025 06:00,5797
23/04/2025 07:00,6708
23/04/2025 08:00,8017
23/04/2025 09:00,880
23/04/2025 10:00,9246
23/04/2025 11:00,9526
23/04/2025 12:00,9651
23/04/2025 13:00,1082
23/04/2025 14:00,12615
23/04/2025 15:00,13209
23/04/2025 16:00,13365
23/04/2025 17:00,13067
23/04/2025 18:00,13857
23/04/2025 19:00,1544
23/04/2025 20:00,16247
23/04/2025 21:00,16729
23/04/2025 22:00,15822
23/04/2025 23:00,13563
24/04/2025 00:00,10373
24/04/2025 01:00,7389
24/04/2025 02:00,5138
24/04/2025 03:00,3394
24/04/2025 04:00,2782
24/04/2025 05:00,3811
24/04/2025 06:00,5781
24/04/2025 07:00,6591
24/04/2025 08:00,7489
24/04/2025 09:00,8619
24/04/2025 10:00,9236
24/04/2025 11:00,9597
24/04/2025 12:00,9601
24/04/2025 13:00,10555
24/04/2025 14:00,12025
24/04/2025 15:00,12845
24/04/2025 16:00,12865
24/04/2025 17:00,13099
24/04/2025 18:00,13901
24/04/2025 19:00,15954
24/04/2025 20:00,1699
24/04/2025 21:00,17072
24/04/2025 22:00,15935
24/04/2025 23:00,13879
25/04/2025 00:00,10602
25/04/2025 01:00,7479
25/04/2025 02:00,483
25/04/2025 03:00,3425
25/04/2025 04:00,2821
25/04/2025 05:00,3742
25/04/2025 06:00,5767
25/04/2025 07:00,6579
25/04/2025 08:00,7823
25/04/2025 09:00,8956
25/04/2025 10:00,9536
25/04/2025 11:00,9966
25/04/2025 12:00,9923
25/04/2025 13:00,11045
25/04/2025 14:00,12036
25/04/2025 15:00,12833
25/04/2025 16:00,13101
25/04/2025 17:00,13176
25/04/2025 18:00,14026
25/04/2025 19:00,14986
25/04/2025 20:00,15561
25/04/2025 21:00,1586
25/04/2025 22:00,15602
25/04/2025 23:00,14297
26/04/2025 00:00,11246
26/04/2025 01:00,814
26/04/2025 02:00,5453
26/04/2025 03:00,3754
26/04/2025 04:00,3103
26/04/2025 05:00,3527
26/04/2025 06:00,5528
26/04/2025 07:00,7888
26/04/2025 08:00,9778
26/04/2025 09:00,11338
26/04/2025 10:00,12099
26/04/2025 11:00,1265
26/04/2025 12:00,12773
26/04/2025 13:00,12922
26/04/2025 14:00,14053
26/04/2025 15:00,15036
26/04/2025 16:00,15357
26/04/2025 17:00,15249
26/04/2025 18:00,14433
26/04/2025 19:00,14629
26/04/2025 20:00,15283
26/04/2025 21:00,15651
26/04/2025 22:00,15201
26/04/2025 23:00,14138
27/04/2025 00:00,11554
27/04/2025 01:00,859
27/04/2025 02:00,5895
27/04/2025 03:00,4082
27/04/2025 04:00,3182
27/04/2025 05:00,3195
27/04/2025 06:00,4702
27/04/2025 07:00,6964
27/04/2025 08:00,9202
27/04/2025 09:00,11127
27/04/2025 10:00,12479
27/04/2025 11:00,13263
27/04/2025 12:00,13559
27/04/2025 13:00,13778
27/04/2025 14:00,1468
27/04/2025 15:00,14936
27/04/2025 16:00,15217
27/04/2025 17:00,15511
27/04/2025 18:00,15078
27/04/2025 19:00,15698
27/04/2025 20:00,16024
27/04/2025 21:00,16309
27/04/2025 22:00,15632
27/04/2025 23:00,1340
28/04/2025 00:00,10177
28/04/2025 01:00,7151
28/04/2025 02:00,4773
28/04/2025 03:00,3492
28/04/2025 04:00,2943
28/04/2025 05:00,3563
28/04/2025 06:00,5465
28/04/2025 07:00,6412
28/04/2025 08:00,7767
28/04/2025 09:00,8627
28/04/2025 10:00,9333
28/04/2025 11:00,970
28/04/2025 12:00,9677
28/04/2025 13:00,10828
28/04/2025 14:00,12124
28/04/2025 15:00,12786
28/04/2025 16:00,12945
28/04/2025 17:00,12933
28/04/2025 18:00,13611
28/04/2025 19:00,14814
28/04/2025 20:00,15802
28/04/2025 21:00,16073
28/04/2025 22:00,15224
28/04/2025 23:00,13191
29/04/2025 00:00,10066
29/04/2025 01:00,6903
29/04/2025 02:00,4622
29/04/2025 03:00,3385
29/04/2025 04:00,2876
29/04/2025 05:00,3746
29/04/2025 06:00,5769
29/04/2025 07:00,6511
29/04/2025 08:00,7708
29/04/2025 09:00,8577
29/04/2025 10:00,9114
29/04/2025 11:00,9502
29/04/2025 12:00,9586
29/04/2025 13:00,11054
29/04/2025 14:00,12776
29/04/2025 15:00,13832
29/04/2025 16:00,13116
29/04/2025 17:00,12854
29/04/2025 18:00,13641
29/04/2025 19:00,14751
29/04/2025 20:00,15581
29/04/2025 21:00,16113
29/04/2025 22:00,15732
29/04/2025 23:00,13919
30/04/2025 00:00,10467
30/04/2025 01:00,7447
30/04/2025 02:00,5232
30/04/2025 03:00,3883
30/04/2025 04:00,3493
30/04/2025 05:00,4397
30/04/2025 06:00,6349
30/04/2025 07:00,7078
30/04/2025 08:00,8087
30/04/2025 09:00,8955
30/04/2025 10:00,9544
30/04/2025 11:00,10021
30/04/2025 12:00,10109
30/04/2025 13:00,11629
30/04/2025 14:00,13888
30/04/2025 15:00,14432
30/04/2025 16:00,13395
30/04/2025 17:00,13186
30/04/2025 18:00,1381
30/04/2025 19:00,14878
30/04/2025 20:00,15646
30/04/2025 21:00,16038
30/04/2025 22:00,15712
30/04/2025 23:00,14062
1/05/2025 00:00,11453
1/05/2025 01:00,854
1/05/2025 02:00,5864
1/05/2025 03:00,4042
1/05/2025 04:00,3064
1/05/2025 05:00,3647
1/05/2025 06:00,5228
1/05/2025 07:00,7471
1/05/2025 08:00,9806
1/05/2025 09:00,1160
1/05/2025 10:00,12709
1/05/2025 11:00,13674
1/05/2025 12:00,13913
1/05/2025 13:00,14006
1/05/2025 14:00,1474
1/05/2025 15:00,15378
1/05/2025 16:00,15401
1/05/2025 17:00,15395
1/05/2025 18:00,15865
1/05/2025 19:00,17057
1/05/2025 20:00,17573
1/05/2025 21:00,17543
1/05/2025 22:00,1690
1/05/2025 23:00,15102
2/05/2025 00:00,11526
2/05/2025 01:00,10541
2/05/2025 02:00,760
2/05/2025 03:00,418
2/05/2025 04:00,3342
2/05/2025 05:00,3971
2/05/2025 06:00,6345
2/05/2025 07:00,8797
2/05/2025 08:00,11112
2/05/2025 09:00,12429
2/05/2025 10:00,13482
2/05/2025 11:00,14008
2/05/2025 12:00,13968
2/05/2025 13:00,13995
2/05/2025 14:00,15043
2/05/2025 15:00,16182
2/05/2025 16:00,16566
2/05/2025 17:00,16315
2/05/2025 18:00,16639
2/05/2025 19:00,18949
2/05/2025 20:00,19857
2/05/2025 21:00,20078
2/05/2025 22:00,18148
2/05/2025 23:00,16048
3/05/2025 00:00,12324
3/05/2025 01:00,8648
3/05/2025 02:00,5617
3/05/2025 03:00,3884
3/05/2025 04:00,3085
3/05/2025 05:00,3432
3/05/2025 06:00,5443
3/05/2025 07:00,7721
3/05/2025 08:00,9803
3/05/2025 09:00,11717
3/05/2025 10:00,12743
3/05/2025 11:00,1356
3/05/2025 12:00,13706
3/05/2025 13:00,13902
3/05/2025 14:00,15154
3/05/2025 15:00,15951
3/05/2025 16:00,15549
3/05/2025 17:00,1514
3/05/2025 18:00,16366
3/05/2025 19:00,16852
3/05/2025 20:00,16986
3/05/2025 21:00,16756
3/05/2025 22:00,16707
3/05/2025 23:00,15293
4/05/2025 00:00,12089
4/05/2025 01:00,8833
4/05/2025 02:00,596
4/05/2025 03:00,411
4/05/2025 04:00,3205
4/05/2025 05:00,3147
4/05/2025 06:00,4645
4/05/2025 07:00,7049
4/05/2025 08:00,9303
4/05/2025 09:00,10921
4/05/2025 10:00,12589
4/05/2025 11:00,13406
4/05/2025 12:00,13718
4/05/2025 13:00,13948
4/05/2025 14:00,14777
4/05/2025 15:00,15553
4/05/2025 16:00,1598
4/05/2025 17:00,1576
4/05/2025 18:00,16021
4/05/2025 19:00,16501
4/05/2025 20:00,17006
4/05/2025 21:00,17387
4/05/2025 22:00,16595
4/05/2025 23:00,14203
5/05/2025 00:00,10846
5/05/2025 01:00,7183
5/05/2025 02:00,4803
5/05/2025 03:00,326
5/05/2025 04:00,2728
5/05/2025 05:00,3436
5/05/2025 06:00,5363
5/05/2025 07:00,6527
5/05/2025 08:00,7654
5/05/2025 09:00,8756
5/05/2025 10:00,9382
5/05/2025 11:00,9711
5/05/2025 12:00,9741
5/05/2025 13:00,11076
5/05/2025 14:00,12542
5/05/2025 15:00,13336
5/05/2025 16:00,13522
5/05/2025 17:00,13456
5/05/2025 18:00,14166
5/05/2025 19:00,15391
5/05/2025 20:00,16357
5/05/2025 21:00,16631
5/05/2025 22:00,16551
5/05/2025 23:00,1370
6/05/2025 00:00,10597
6/05/2025 01:00,7082
6/05/2025 02:00,4509
6/05/2025 03:00,3202
6/05/2025 04:00,2863
6/05/2025 05:00,367
6/05/2025 06:00,5796
6/05/2025 07:00,6736
6/05/2025 08:00,7976
6/05/2025 09:00,8922
6/05/2025 10:00,9445
6/05/2025 11:00,9813
6/05/2025 12:00,9946
6/05/2025 13:00,11927
6/05/2025 14:00,14341
6/05/2025 15:00,15773
6/05/2025 16:00,16205
6/05/2025 17:00,15245
6/05/2025 18:00,16526
6/05/2025 19:00,15723
6/05/2025 20:00,18979
6/05/2025 21:00,20165
6/05/2025 22:00,19047
6/05/2025 23:00,14328
7/05/2025 00:00,10243
7/05/2025 01:00,7419
7/05/2025 02:00,479
7/05/2025 03:00,3414
7/05/2025 04:00,2939
7/05/2025 05:00,3948
7/05/2025 06:00,5976
7/05/2025 07:00,6799
7/05/2025 08:00,786
7/05/2025 09:00,8812
7/05/2025 10:00,9365
7/05/2025 11:00,9822
7/05/2025 12:00,9726
7/05/2025 13:00,11571
7/05/2025 14:00,13569
7/05/2025 15:00,14327
7/05/2025 16:00,13442
7/05/2025 17:00,13021
7/05/2025 18:00,14084
7/05/2025 19:00,15214
7/05/2025 20:00,16799
7/05/2025 21:00,17582
7/05/2025 22:00,17461
7/05/2025 23:00,14287
8/05/2025 00:00,1067
8/05/2025 01:00,7442
8/05/2025 02:00,4844
8/05/2025 03:00,3368
8/05/2025 04:00,2852
8/05/2025 05:00,3816
8/05/2025 06:00,5741
8/05/2025 07:00,6624
8/05/2025 08:00,7781
8/05/2025 09:00,873
8/05/2025 10:00,9403
8/05/2025 11:00,9851
8/05/2025 12:00,9914
8/05/2025 13:00,11101
8/05/2025 14:00,13017
8/05/2025 15:00,1332
8/05/2025 16:00,13163
8/05/2025 17:00,13231
8/05/2025 18:00,14067
8/05/2025 19:00,15213
8/05/2025 20:00,16681
8/05/2025 21:00,18062
8/05/2025 22:00,17601
8/05/2025 23:00,14506
9/05/2025 00:00,10772
9/05/2025 01:00,7536
9/05/2025 02:00,4967
9/05/2025 03:00,3496
9/05/2025 04:00,2867
9/05/2025 05:00,3733
9/05/2025 06:00,5714
9/05/2025 07:00,703
9/05/2025 08:00,8219
9/05/2025 09:00,9144
9/05/2025 10:00,9577
9/05/2025 11:00,10055
9/05/2025 12:00,10502
9/05/2025 13:00,11483
9/05/2025 14:00,12299
9/05/2025 15:00,12971
9/05/2025 16:00,13208
9/05/2025 17:00,13266
9/05/2025 18:00,13723
9/05/2025 19:00,14673
9/05/2025 20:00,1546
9/05/2025 21:00,15842
9/05/2025 22:00,15715
9/05/2025 23:00,14137
10/05/2025 00:00,11272
10/05/2025 01:00,7936
10/05/2025 02:00,5262
10/05/2025 03:00,359
10/05/2025 04:00,2839
10/05/2025 05:00,3318
10/05/2025 06:00,504
10/05/2025 07:00,726
10/05/2025 08:00,9298
10/05/2025 09:00,10871
10/05/2025 10:00,11977
10/05/2025 11:00,12336
10/05/2025 12:00,12723
10/05/2025 13:00,12879
10/05/2025 14:00,13394
10/05/2025 15:00,14453
10/05/2025 16:00,14946
10/05/2025 17:00,15126
10/05/2025 18:00,14506
10/05/2025 19:00,15073
10/05/2025 20:00,15602
10/05/2025 21:00,16625
10/05/2025 22:00,16697
10/05/2025 23:00,15526
11/05/2025 00:00,12753
11/05/2025 01:00,8873
11/05/2025 02:00,5908
11/05/2025 03:00,4073
11/05/2025 04:00,3207
11/05/2025 05:00,3186
11/05/2025 06:00,476
11/05/2025 07:00,7098
11/05/2025 08:00,918
11/05/2025 09:00,12693
11/05/2025 10:00,13785
11/05/2025 11:00,14299
11/05/2025 12:00,12905
11/05/2025 13:00,12154
11/05/2025 14:00,11665
11/05/2025 15:00,12132
11/05/2025 16:00,12951
11/05/2025 17:00,13554
11/05/2025 18:00,14084
11/05/2025 19:00,14861
11/05/2025 20:00,15516
11/05/2025 21:00,15786
11/05/2025 22:00,15221
11/05/2025 23:00,13509
12/05/2025 00:00,10191
12/05/2025 01:00,7048
12/05/2025 02:00,4693
12/05/2025 03:00,3275
12/05/2025 04:00,2681
12/05/2025 05:00,3221
12/05/2025 06:00,4825
12/05/2025 07:00,6434
12/05/2025 08:00,8302
12/05/2025 09:00,9711
12/05/2025 10:00,10619
12/05/2025 11:00,1139
12/05/2025 12:00,11599
12/05/2025 13:00,12446
12/05/2025 14:00,13205
12/05/2025 15:00,13661
12/05/2025 16:00,13872
12/05/2025 17:00,13754
12/05/2025 18:00,1453
12/05/2025 19:00,15924
12/05/2025 20:00,16794
12/05/2025 21:00,17077
12/05/2025 22:00,16773
12/05/2025 23:00,14932
13/05/2025 00:00,10805
13/05/2025 01:00,7256
13/05/2025 02:00,4641
13/05/2025 03:00,3286
13/05/2025 04:00,2791
13/05/2025 05:00,3452
13/05/2025 06:00,5278
13/05/2025 07:00,6683
13/05/2025 08:00,8171
13/05/2025 09:00,9471
13/05/2025 10:00,10235
13/05/2025 11:00,10876
13/05/2025 12:00,11287
13/05/2025 13:00,12268
13/05/2025 14:00,13184
13/05/2025 15:00,14048
13/05/2025 16:00,1382
13/05/2025 17:00,14449
13/05/2025 18:00,15928
13/05/2025 19:00,17343
13/05/2025 20:00,18335
13/05/2025 21:00,18469
13/05/2025 22:00,17236
13/05/2025 23:00,15604
14/05/2025 00:00,11463
14/05/2025 01:00,801
14/05/2025 02:00,5288
14/05/2025 03:00,3604
14/05/2025 04:00,3124
14/05/2025 05:00,3668
14/05/2025 06:00,585
14/05/2025 07:00,8632
14/05/2025 08:00,11334
14/05/2025 09:00,1260
14/05/2025 10:00,13544
14/05/2025 11:00,13775
14/05/2025 12:00,13686
14/05/2025 13:00,1419
14/05/2025 14:00,1537
14/05/2025 15:00,15968
14/05/2025 16:00,16141
14/05/2025 17:00,15309
14/05/2025 18:00,15678
14/05/2025 19:00,16857
14/05/2025 20:00,18148
14/05/2025 21:00,18469
14/05/2025 22:00,1799
14/05/2025 23:00,15133
15/05/2025 00:00,11284
15/05/2025 01:00,7943
15/05/2025 02:00,5132
15/05/2025 03:00,3455
15/05/2025 04:00,2779
15/05/2025 05:00,3671
15/05/2025 06:00,5535
15/05/2025 07:00,6734
15/05/2025 08:00,8235
15/05/2025 09:00,9508
15/05/2025 10:00,10511
15/05/2025 11:00,10946
15/05/2025 12:00,11153
15/05/2025 13:00,1242
15/05/2025 14:00,13519
15/05/2025 15:00,13985
15/05/2025 16:00,14308
15/05/2025 17:00,15107
15/05/2025 18:00,15794
15/05/2025 19:00,16256
15/05/2025 20:00,17584
15/05/2025 21:00,18306
15/05/2025 22:00,17852
15/05/2025 23:00,15662
16/05/2025 00:00,11739
16/05/2025 01:00,8223
16/05/2025 02:00,5334
16/05/2025 03:00,3786
16/05/2025 04:00,3089
16/05/2025 05:00,3765
16/05/2025 06:00,5878
16/05/2025 07:00,735
16/05/2025 08:00,9185
16/05/2025 09:00,10684
16/05/2025 10:00,11459
16/05/2025 11:00,1159
16/05/2025 12:00,11627
16/05/2025 13:00,12605
16/05/2025 14:00,13825
16/05/2025 15:00,15072
16/05/2025 16:00,15061
16/05/2025 17:00,14583
16/05/2025 18:00,15314
16/05/2025 19:00,16143
16/05/2025 20:00,16989
16/05/2025 21:00,17318
16/05/2025 22:00,17153
16/05/2025 23:00,15473
17/05/2025 00:00,11898
17/05/2025 01:00,8827
17/05/2025 02:00,5856
17/05/2025 03:00,4027
17/05/2025 04:00,3008
17/05/2025 05:00,3562
17/05/2025 06:00,5229
17/05/2025 07:00,7349
17/05/2025 08:00,9484
17/05/2025 09:00,1137
17/05/2025 10:00,1249
17/05/2025 11:00,13042
17/05/2025 12:00,13418
17/05/2025 13:00,13254
17/05/2025 14:00,14176
17/05/2025 15:00,14957
17/05/2025 16:00,15153
17/05/2025 17:00,15162
17/05/2025 18:00,14998
17/05/2025 19:00,15694
17/05/2025 20:00,17192
17/05/2025 21:00,17421
17/05/2025 22:00,16939
17/05/2025 23:00,15586
18/05/2025 00:00,12534
18/05/2025 01:00,9033
18/05/2025 02:00,5932
18/05/2025 03:00,4149
18/05/2025 04:00,3159
18/05/2025 05:00,3119
18/05/2025 06:00,4728
18/05/2025 07:00,7002
18/05/2025 08:00,9267
18/05/2025 09:00,10959
18/05/2025 10:00,12644
18/05/2025 11:00,1369
18/05/2025 12:00,14369
18/05/2025 13:00,14871
18/05/2025 14:00,14858
18/05/2025 15:00,15987
18/05/2025 16:00,16427
18/05/2025 17:00,16474
18/05/2025 18:00,16476
18/05/2025 19:00,16766
18/05/2025 20:00,17985
18/05/2025 21:00,18516
18/05/2025 22:00,1763
18/05/2025 23:00,14703
